Nationality,Department,Program,Applications 2019,Offers 2019,Entrances 2019,Applications 2020,Offers 2020,Entrances 2020,Applications 2021,Offers 2021,Entrances 2021,Applications 2022,Offers 2022,Entrances 2022,Applications 2023,Offers 2023,Entrances 2023,Salary Group
Austrian,Accounting,UG Degree,7.0,0.0,0.0,6.0,0.0,0.0,2.5,0.0,0.0,6.0,0.0,0.0,8.0,0.0,0.0,High
Austrian,Accounting,PG Taught,8.0,2.5,2.5,5.0,2.5,0.0,5.0,2.5,0.0,10.0,2.5,2.5,2.5,2.5,2.5,High
Austrian,Anthropology,UG Degree,2.5,2.5,0.0,2.5,2.5,0.0,2.5,0.0,0.0,2.5,2.5,2.5,0.0,0.0,0.0,Low
Austrian,Anthropology,PG Taught,0.0,0.0,0.0,2.5,2.5,2.5,0.0,0.0,0.0,2.5,0.0,0.0,0.0,0.0,0.0,Low
Austrian,Economic History,UG Degree,5.0,2.5,2.5,2.5,0.0,0.0,0.0,0.0,0.0,2.5,2.5,2.5,5.0,0.0,0.0,High
Austrian,Economic History,PG Taught,2.5,2.5,2.5,2.5,2.5,2.5,2.5,0.0,0.0,2.5,2.5,0.0,2.5,2.5,2.5,High
Austrian,Economics,UG Degree,16.0,0.0,0.0,12.0,0.0,0.0,10.0,0.0,0.0,16.0,0.0,0.0,9.0,2.5,0.0,High
Austrian,Economics,PG Taught,12.0,7.0,2.5,9.0,6.0,2.5,7.0,2.5,2.5,2.5,2.5,2.5,2.5,2.5,2.5,High
Austrian,European Institute,PG Taught,11.0,2.5,5.0,7.0,5.0,2.5,12.0,7.0,2.5,15.0,9.0,2.5,7.0,2.5,2.5,Low
Austrian,Finance,UG Degree,5.0,2.5,0.0,2.5,0.0,0.0,6.0,2.5,2.5,5.0,2.5,2.5,10.0,5.0,2.5,High
Austrian,Finance,PG Taught,20.0,2.5,2.5,18.0,6.0,2.5,22.0,9.0,2.5,28.0,12.0,2.5,13.0,2.5,2.5,High
Austrian,Gender Studies,PG Taught,0.0,0.0,0.0,2.5,2.5,2.5,2.5,0.0,0.0,2.5,0.0,0.0,2.5,2.5,2.5,Low
Austrian,Geography And Environment,UG Degree,2.5,2.5,2.5,2.5,0.0,0.0,2.5,0.0,0.0,2.5,2.5,2.5,2.5,2.5,0.0,High
Austrian,Geography And Environment,PG Taught,13.0,2.5,2.5,7.0,2.5,2.5,8.0,2.5,2.5,28.0,6.0,2.5,20.0,7.0,5.0,High
Austrian,Government,UG Degree,12.0,2.5,0.0,10.0,2.5,2.5,7.0,0.0,0.0,8.0,0.0,0.0,7.0,0.0,0.0,High
Austrian,Government,PG Taught,10.0,2.5,0.0,10.0,2.5,2.5,8.0,2.5,2.5,5.0,2.5,2.5,13.0,9.0,2.5,High
Austrian,Health Policy,PG Taught,2.5,2.5,2.5,2.5,2.5,2.5,2.5,0.0,0.0,2.5,2.5,0.0,0.0,0.0,0.0,High
Austrian,International Development,PG Taught,9.0,2.5,2.5,6.0,2.5,2.5,11.0,5.0,2.5,12.0,8.0,5.0,9.0,2.5,2.5,Low
Austrian,International History,UG Degree,0.0,0.0,0.0,0.0,0.0,0.0,0.0,0.0,0.0,2.5,2.5,0.0,2.5,2.5,0.0,Low
Austrian,International History,PG Taught,2.5,2.5,2.5,2.5,2.5,2.5,2.5,0.0,0.0,2.5,2.5,2.5,0.0,0.0,0.0,Low
Austrian,International Relations,UG Degree,10.0,0.0,0.0,2.5,0.0,0.0,2.5,0.0,0.0,2.5,0.0,0.0,2.5,0.0,0.0,Low
Austrian,International Relations,PG Taught,20.0,9.0,8.0,9.0,2.5,2.5,9.0,2.5,2.5,2.5,2.5,0.0,9.0,5.0,0.0,Low
Austrian,Language Centre,UG Degree,0.0,0.0,0.0,2.5,0.0,0.0,0.0,0.0,0.0,0.0,0.0,0.0,2.5,2.5,0.0,
Austrian,Lse Law School,UG Degree,8.0,0.0,0.0,9.0,2.5,2.5,6.0,0.0,0.0,8.0,0.0,0.0,2.5,0.0,0.0,High
Austrian,Lse Law School,PG Taught,16.0,9.0,7.0,13.0,6.0,2.5,12.0,6.0,2.5,13.0,2.5,2.5,10.0,6.0,2.5,High
Austrian,Management,UG Degree,16.0,2.5,2.5,11.0,2.5,2.5,14.0,2.5,0.0,8.0,2.5,2.5,15.0,0.0,0.0,High
Austrian,Management,PG Taught,26.0,11.0,5.0,23.0,11.0,2.5,21.0,6.0,2.5,22.0,8.0,2.5,16.0,9.0,2.5,High
Austrian,Mathematics,UG Degree,2.5,0.0,0.0,0.0,0.0,0.0,2.5,0.0,0.0,0.0,0.0,0.0,2.5,0.0,0.0,High
Austrian,Mathematics,PG Taught,2.5,0.0,0.0,2.5,0.0,0.0,0.0,0.0,0.0,2.5,0.0,0.0,2.5,2.5,2.5,High
Austrian,Media And Communications,PG Taught,6.0,2.5,2.5,7.0,2.5,2.5,2.5,2.5,2.5,2.5,0.0,0.0,2.5,2.5,0.0,Low
Austrian,Methodology,PG Taught,2.5,0.0,0.0,2.5,0.0,0.0,2.5,0.0,0.0,2.5,2.5,2.5,0.0,0.0,0.0,High
Austrian,Philosophy Logic And Scientific Method,UG Degree,16.0,0.0,0.0,9.0,0.0,0.0,10.0,0.0,0.0,8.0,2.5,2.5,7.0,0.0,0.0,Low
Austrian,Philosophy Logic And Scientific Method,PG Taught,2.5,2.5,0.0,2.5,2.5,2.5,2.5,2.5,2.5,6.0,2.5,0.0,2.5,0.0,0.0,Low
Austrian,Psychological And Behavioural Science,UG Degree,0.0,0.0,0.0,2.5,2.5,2.5,2.5,0.0,0.0,2.5,0.0,0.0,2.5,0.0,0.0,Low
Austrian,Psychological And Behavioural Science,PG Taught,13.0,2.5,0.0,13.0,6.0,2.5,9.0,2.5,0.0,10.0,2.5,2.5,7.0,2.5,2.5,Low
Austrian,Public Policy,PG Taught,2.5,2.5,2.5,2.5,2.5,0.0,0.0,0.0,0.0,2.5,0.0,0.0,7.0,2.5,2.5,
Austrian,Social Policy,UG Degree,5.0,2.5,0.0,0.0,0.0,0.0,2.5,0.0,0.0,2.5,0.0,0.0,2.5,0.0,0.0,Low
Austrian,Social Policy,PG Taught,2.5,2.5,2.5,5.0,2.5,2.5,2.5,2.5,0.0,2.5,0.0,0.0,6.0,2.5,2.5,Low
Austrian,Sociology,UG Degree,0.0,0.0,0.0,0.0,0.0,0.0,0.0,0.0,0.0,2.5,2.5,0.0,0.0,0.0,0.0,Low
Austrian,Sociology,PG Taught,2.5,2.5,2.5,9.0,5.0,0.0,2.5,2.5,0.0,6.0,2.5,2.5,2.5,2.5,2.5,Low
Austrian,Statistics,UG Degree,2.5,0.0,0.0,0.0,0.0,0.0,2.5,0.0,0.0,2.5,0.0,0.0,2.5,0.0,0.0,High
Austrian,Statistics,PG Taught,2.5,0.0,0.0,2.5,2.5,2.5,2.5,0.0,0.0,7.0,2.5,2.5,2.5,0.0,0.0,High
Belgian,Accounting,UG Degree,2.5,0.0,0.0,2.5,0.0,0.0,2.5,0.0,0.0,5.0,2.5,0.0,2.5,0.0,0.0,High
Belgian,Accounting,PG Taught,2.5,2.5,2.5,2.5,2.5,2.5,2.5,2.5,0.0,2.5,2.5,2.5,2.5,2.5,0.0,High
Belgian,Anthropology,UG Degree,2.5,0.0,0.0,2.5,2.5,0.0,2.5,0.0,0.0,0.0,0.0,0.0,0.0,0.0,0.0,Low
Belgian,Anthropology,PG Taught,2.5,2.5,2.5,0.0,0.0,0.0,0.0,0.0,0.0,2.5,2.5,2.5,2.5,2.5,0.0,Low
Belgian,Economic History,UG Degree,2.5,0.0,0.0,2.5,2.5,2.5,2.5,0.0,0.0,2.5,0.0,0.0,2.5,0.0,0.0,High
Belgian,Economic History,PG Taught,2.5,2.5,2.5,2.5,2.5,2.5,2.5,2.5,0.0,2.5,2.5,0.0,2.5,2.5,2.5,High
Belgian,Economics,UG Degree,8.0,2.5,0.0,7.0,0.0,0.0,6.0,0.0,0.0,8.0,2.5,0.0,8.0,0.0,0.0,High
Belgian,Economics,PG Taught,5.0,2.5,2.5,2.5,0.0,0.0,2.5,2.5,0.0,6.0,2.5,2.5,2.5,2.5,2.5,High
Belgian,European Institute,PG Taught,9.0,2.5,2.5,7.0,2.5,2.5,10.0,6.0,5.0,10.0,6.0,5.0,7.0,5.0,2.5,Low
Belgian,Finance,UG Degree,2.5,0.0,0.0,2.5,0.0,0.0,7.0,2.5,2.5,5.0,2.5,0.0,2.5,2.5,2.5,High
Belgian,Finance,PG Taught,14.0,2.5,2.5,14.0,2.5,2.5,17.0,2.5,2.5,10.0,2.5,0.0,17.0,0.0,0.0,High
Belgian,Gender Studies,PG Taught,2.5,2.5,2.5,2.5,2.5,2.5,2.5,2.5,2.5,0.0,0.0,0.0,5.0,2.5,2.5,Low
Belgian,Geography And Environment,UG Degree,2.5,2.5,0.0,6.0,2.5,2.5,2.5,0.0,0.0,2.5,0.0,0.0,2.5,2.5,2.5,High
Belgian,Geography And Environment,PG Taught,6.0,2.5,2.5,9.0,2.5,0.0,11.0,5.0,2.5,7.0,2.5,2.5,16.0,5.0,2.5,High
Belgian,Government,UG Degree,13.0,2.5,2.5,10.0,2.5,0.0,12.0,0.0,0.0,9.0,0.0,0.0,7.0,0.0,0.0,High
Belgian,Government,PG Taught,7.0,2.5,0.0,2.5,0.0,0.0,5.0,2.5,2.5,9.0,2.5,2.5,2.5,2.5,0.0,High
Belgian,Health Policy,PG Taught,6.0,2.5,2.5,2.5,2.5,2.5,0.0,0.0,0.0,2.5,2.5,2.5,2.5,2.5,2.5,High
Belgian,International Development,PG Taught,2.5,2.5,2.5,5.0,2.5,2.5,12.0,2.5,2.5,7.0,2.5,2.5,10.0,6.0,5.0,Low
Belgian,International History,UG Degree,5.0,2.5,2.5,2.5,2.5,2.5,2.5,0.0,0.0,6.0,2.5,0.0,7.0,2.5,0.0,Low
Belgian,International History,PG Taught,8.0,2.5,2.5,2.5,0.0,0.0,2.5,2.5,0.0,2.5,2.5,2.5,0.0,0.0,2.5,Low
Belgian,International Relations,UG Degree,6.0,2.5,2.5,2.5,2.5,0.0,2.5,2.5,0.0,2.5,0.0,0.0,2.5,0.0,0.0,Low
Belgian,International Relations,PG Taught,11.0,2.5,2.5,2.5,2.5,2.5,2.5,2.5,2.5,8.0,2.5,2.5,12.0,2.5,2.5,Low
Belgian,Language Centre,UG Degree,2.5,2.5,0.0,2.5,0.0,0.0,0.0,0.0,0.0,0.0,0.0,0.0,2.5,2.5,0.0,
Belgian,Lse Law School,UG Degree,10.0,2.5,2.5,9.0,2.5,0.0,11.0,0.0,0.0,12.0,2.5,2.5,5.0,2.5,2.5,High
Belgian,Lse Law School,PG Taught,41.0,10.0,5.0,22.0,11.0,8.0,18.0,8.0,2.5,20.0,12.0,6.0,28.0,18.0,7.0,High
Belgian,Management,UG Degree,11.0,2.5,2.5,5.0,0.0,0.0,11.0,0.0,0.0,13.0,2.5,2.5,13.0,2.5,2.5,High
Belgian,Management,PG Taught,30.0,8.0,2.5,25.0,11.0,6.0,27.0,9.0,5.0,16.0,8.0,2.5,13.0,2.5,2.5,High
Belgian,Mathematics,UG Degree,2.5,2.5,0.0,2.5,2.5,2.5,2.5,0.0,0.0,2.5,0.0,0.0,2.5,0.0,0.0,High
Belgian,Mathematics,PG Taught,2.5,0.0,0.0,2.5,0.0,0.0,2.5,2.5,0.0,2.5,0.0,0.0,2.5,2.5,0.0,High
Belgian,Media And Communications,PG Taught,5.0,2.5,2.5,2.5,2.5,2.5,2.5,2.5,2.5,2.5,0.0,0.0,2.5,2.5,2.5,Low
Belgian,Methodology,PG Taught,2.5,0.0,0.0,2.5,0.0,0.0,0.0,0.0,0.0,0.0,0.0,0.0,0.0,0.0,0.0,High
Belgian,Philosophy Logic And Scientific Method,UG Degree,2.5,0.0,0.0,9.0,0.0,0.0,0.0,0.0,0.0,2.5,0.0,0.0,5.0,0.0,0.0,Low
Belgian,Philosophy Logic And Scientific Method,PG Taught,2.5,2.5,2.5,2.5,2.5,0.0,2.5,2.5,2.5,2.5,0.0,0.0,0.0,0.0,0.0,Low
Belgian,Psychological And Behavioural Science,UG Degree,2.5,2.5,2.5,2.5,0.0,0.0,0.0,0.0,0.0,2.5,2.5,2.5,2.5,2.5,0.0,Low
Belgian,Psychological And Behavioural Science,PG Taught,2.5,2.5,2.5,2.5,2.5,2.5,5.0,2.5,2.5,8.0,2.5,2.5,2.5,2.5,2.5,Low
Belgian,Public Policy,PG Taught,2.5,2.5,0.0,2.5,0.0,0.0,2.5,0.0,0.0,2.5,0.0,0.0,2.5,2.5,0.0,
Belgian,Social Policy,UG Degree,2.5,0.0,0.0,2.5,2.5,2.5,2.5,0.0,0.0,0.0,0.0,0.0,0.0,0.0,0.0,Low
Belgian,Social Policy,PG Taught,0.0,0.0,0.0,5.0,2.5,2.5,2.5,2.5,0.0,2.5,2.5,2.5,2.5,2.5,2.5,Low
Belgian,Sociology,UG Degree,0.0,0.0,0.0,0.0,0.0,0.0,2.5,2.5,0.0,2.5,0.0,0.0,2.5,0.0,0.0,Low
Belgian,Sociology,PG Taught,6.0,2.5,2.5,2.5,2.5,2.5,6.0,2.5,2.5,8.0,2.5,2.5,2.5,2.5,2.5,Low
Belgian,Statistics,UG Degree,2.5,2.5,0.0,0.0,0.0,0.0,2.5,0.0,0.0,2.5,0.0,0.0,0.0,0.0,0.0,High
Belgian,Statistics,PG Taught,2.5,0.0,0.0,10.0,2.5,2.5,2.5,0.0,0.0,2.5,0.0,0.0,2.5,2.5,0.0,High
Bulgarian,Accounting,UG Degree,7.0,2.5,2.5,8.0,0.0,0.0,7.0,0.0,0.0,10.0,2.5,0.0,2.5,0.0,0.0,High
Bulgarian,Accounting,PG Taught,2.5,2.5,2.5,2.5,2.5,2.5,2.5,2.5,0.0,5.0,2.5,2.5,2.5,0.0,0.0,High
Bulgarian,Anthropology,UG Degree,2.5,0.0,0.0,2.5,0.0,0.0,2.5,0.0,0.0,2.5,2.5,2.5,0.0,0.0,0.0,Low
Bulgarian,Anthropology,PG Taught,2.5,2.5,2.5,2.5,2.5,2.5,0.0,0.0,0.0,0.0,0.0,0.0,0.0,0.0,0.0,Low
Bulgarian,Economic History,UG Degree,2.5,0.0,0.0,2.5,0.0,0.0,6.0,2.5,0.0,2.5,0.0,0.0,2.5,0.0,0.0,High
Bulgarian,Economic History,PG Taught,2.5,2.5,2.5,0.0,0.0,0.0,0.0,0.0,0.0,2.5,2.5,0.0,0.0,0.0,0.0,High
Bulgarian,Economics,UG Degree,9.0,0.0,0.0,18.0,2.5,2.5,16.0,0.0,0.0,7.0,0.0,0.0,13.0,2.5,0.0,High
Bulgarian,Economics,PG Taught,2.5,0.0,0.0,2.5,0.0,0.0,8.0,2.5,2.5,2.5,2.5,0.0,0.0,0.0,0.0,High
Bulgarian,European Institute,PG Taught,5.0,2.5,2.5,2.5,2.5,0.0,2.5,2.5,2.5,5.0,2.5,2.5,2.5,0.0,0.0,Low
Bulgarian,Finance,UG Degree,2.5,0.0,0.0,6.0,0.0,0.0,7.0,2.5,2.5,2.5,2.5,2.5,5.0,0.0,0.0,High
Bulgarian,Finance,PG Taught,8.0,2.5,2.5,14.0,2.5,2.5,8.0,2.5,0.0,10.0,2.5,2.5,17.0,2.5,2.5,High
Bulgarian,Gender Studies,PG Taught,0.0,0.0,0.0,0.0,0.0,0.0,2.5,2.5,2.5,0.0,0.0,0.0,0.0,0.0,0.0,Low
Bulgarian,Geography And Environment,UG Degree,2.5,0.0,0.0,2.5,2.5,0.0,0.0,0.0,0.0,2.5,0.0,0.0,2.5,2.5,0.0,High
Bulgarian,Geography And Environment,PG Taught,2.5,2.5,0.0,2.5,2.5,2.5,2.5,2.5,2.5,6.0,2.5,2.5,2.5,2.5,0.0,High
Bulgarian,Government,UG Degree,7.0,0.0,0.0,11.0,2.5,2.5,7.0,0.0,0.0,8.0,0.0,0.0,9.0,2.5,2.5,High
Bulgarian,Government,PG Taught,2.5,2.5,2.5,2.5,0.0,0.0,2.5,2.5,2.5,2.5,0.0,0.0,5.0,2.5,2.5,High
Bulgarian,Health Policy,PG Taught,2.5,2.5,2.5,2.5,2.5,2.5,2.5,2.5,0.0,2.5,2.5,0.0,0.0,0.0,0.0,High
Bulgarian,International Development,PG Taught,2.5,2.5,0.0,0.0,0.0,0.0,2.5,2.5,2.5,2.5,2.5,2.5,2.5,0.0,0.0,Low
Bulgarian,International History,UG Degree,0.0,0.0,0.0,2.5,0.0,0.0,2.5,0.0,0.0,2.5,0.0,0.0,2.5,2.5,0.0,Low
Bulgarian,International History,PG Taught,0.0,0.0,0.0,0.0,0.0,0.0,0.0,0.0,0.0,2.5,2.5,0.0,2.5,2.5,0.0,Low
Bulgarian,International Relations,UG Degree,2.5,0.0,0.0,5.0,2.5,0.0,0.0,0.0,0.0,2.5,2.5,2.5,2.5,0.0,0.0,Low
Bulgarian,International Relations,PG Taught,6.0,2.5,2.5,2.5,2.5,2.5,2.5,2.5,2.5,6.0,2.5,0.0,2.5,2.5,2.5,Low
Bulgarian,Language Centre,UG Degree,0.0,0.0,0.0,2.5,2.5,2.5,0.0,0.0,0.0,0.0,0.0,0.0,2.5,2.5,2.5,
Bulgarian,Lse Law School,UG Degree,18.0,2.5,2.5,13.0,2.5,0.0,8.0,2.5,2.5,6.0,2.5,0.0,8.0,2.5,0.0,High
Bulgarian,Lse Law School,PG Taught,9.0,2.5,2.5,7.0,2.5,2.5,8.0,5.0,2.5,5.0,2.5,2.5,2.5,0.0,0.0,High
Bulgarian,Management,UG Degree,5.0,0.0,0.0,12.0,2.5,2.5,8.0,0.0,0.0,6.0,2.5,0.0,6.0,2.5,2.5,High
Bulgarian,Management,PG Taught,13.0,5.0,5.0,13.0,2.5,2.5,7.0,2.5,2.5,8.0,2.5,2.5,21.0,8.0,2.5,High
Bulgarian,Mathematics,UG Degree,5.0,0.0,0.0,2.5,0.0,0.0,2.5,0.0,0.0,2.5,0.0,0.0,2.5,2.5,2.5,High
Bulgarian,Mathematics,PG Taught,2.5,0.0,0.0,2.5,2.5,0.0,2.5,2.5,2.5,2.5,2.5,0.0,2.5,2.5,0.0,High
Bulgarian,Media And Communications,PG Taught,2.5,2.5,2.5,2.5,2.5,2.5,2.5,0.0,0.0,0.0,0.0,0.0,2.5,2.5,2.5,Low
Bulgarian,Methodology,PG Taught,0.0,0.0,0.0,2.5,2.5,2.5,2.5,2.5,0.0,2.5,2.5,0.0,0.0,0.0,0.0,High
Bulgarian,Philosophy Logic And Scientific Method,UG Degree,5.0,2.5,2.5,2.5,0.0,0.0,6.0,2.5,2.5,2.5,0.0,0.0,2.5,0.0,0.0,Low
Bulgarian,Philosophy Logic And Scientific Method,PG Taught,2.5,0.0,0.0,2.5,0.0,0.0,2.5,2.5,0.0,2.5,2.5,2.5,0.0,0.0,0.0,Low
Bulgarian,Psychological And Behavioural Science,UG Degree,2.5,2.5,0.0,2.5,0.0,0.0,2.5,2.5,0.0,0.0,0.0,0.0,2.5,2.5,0.0,Low
Bulgarian,Psychological And Behavioural Science,PG Taught,2.5,0.0,0.0,2.5,2.5,0.0,5.0,2.5,0.0,2.5,0.0,0.0,2.5,2.5,2.5,Low
Bulgarian,Public Policy,PG Taught,2.5,2.5,0.0,0.0,0.0,0.0,0.0,0.0,0.0,0.0,0.0,0.0,2.5,0.0,0.0,
Bulgarian,Social Policy,UG Degree,0.0,0.0,0.0,2.5,2.5,2.5,2.5,0.0,0.0,2.5,2.5,2.5,2.5,0.0,0.0,Low
Bulgarian,Social Policy,PG Taught,2.5,2.5,2.5,6.0,2.5,2.5,2.5,0.0,0.0,2.5,0.0,0.0,2.5,2.5,2.5,Low
Bulgarian,Sociology,UG Degree,0.0,0.0,0.0,2.5,2.5,2.5,0.0,0.0,0.0,2.5,0.0,0.0,2.5,0.0,0.0,Low
Bulgarian,Sociology,PG Taught,2.5,2.5,2.5,2.5,2.5,2.5,2.5,2.5,0.0,6.0,2.5,2.5,0.0,0.0,0.0,Low
Bulgarian,Statistics,UG Degree,2.5,2.5,0.0,2.5,2.5,2.5,2.5,0.0,0.0,2.5,0.0,0.0,0.0,0.0,0.0,High
Bulgarian,Statistics,PG Taught,2.5,0.0,0.0,2.5,0.0,2.5,0.0,0.0,0.0,2.5,2.5,2.5,2.5,2.5,2.5,High
Croatian,Accounting,UG Degree,0.0,0.0,0.0,2.5,0.0,0.0,0.0,0.0,0.0,2.5,0.0,0.0,0.0,0.0,0.0,High
Croatian,Accounting,PG Taught,0.0,0.0,0.0,2.5,0.0,0.0,2.5,2.5,2.5,0.0,0.0,0.0,2.5,2.5,2.5,High
Croatian,Anthropology,UG Degree,2.5,0.0,0.0,0.0,0.0,0.0,0.0,0.0,0.0,0.0,0.0,0.0,0.0,0.0,0.0,Low
Croatian,Economic History,UG Degree,2.5,0.0,0.0,0.0,0.0,0.0,0.0,0.0,0.0,2.5,0.0,0.0,0.0,0.0,0.0,High
Croatian,Economic History,PG Taught,2.5,2.5,0.0,0.0,0.0,0.0,0.0,0.0,0.0,0.0,0.0,0.0,2.5,2.5,0.0,High
Croatian,Economics,UG Degree,7.0,0.0,0.0,0.0,0.0,0.0,2.5,0.0,0.0,2.5,0.0,0.0,2.5,2.5,0.0,High
Croatian,Economics,PG Taught,0.0,0.0,0.0,2.5,0.0,0.0,2.5,2.5,0.0,2.5,2.5,0.0,2.5,0.0,0.0,High
Croatian,European Institute,PG Taught,2.5,0.0,0.0,2.5,2.5,0.0,2.5,2.5,2.5,2.5,2.5,2.5,0.0,0.0,0.0,Low
Croatian,Finance,UG Degree,2.5,2.5,0.0,0.0,0.0,0.0,2.5,0.0,0.0,2.5,0.0,0.0,0.0,0.0,0.0,High
Croatian,Finance,PG Taught,5.0,0.0,0.0,2.5,0.0,0.0,2.5,0.0,0.0,2.5,0.0,0.0,7.0,2.5,0.0,High
Croatian,Gender Studies,PG Taught,2.5,0.0,0.0,0.0,0.0,0.0,0.0,0.0,0.0,0.0,0.0,0.0,0.0,0.0,0.0,Low
Croatian,Geography And Environment,UG Degree,2.5,0.0,0.0,0.0,0.0,0.0,0.0,0.0,0.0,0.0,0.0,0.0,2.5,0.0,0.0,High
Croatian,Geography And Environment,PG Taught,2.5,2.5,0.0,2.5,0.0,0.0,0.0,0.0,0.0,0.0,0.0,0.0,2.5,0.0,0.0,High
Croatian,Government,UG Degree,2.5,0.0,0.0,2.5,0.0,0.0,2.5,0.0,0.0,0.0,0.0,0.0,2.5,0.0,2.5,High
Croatian,Government,PG Taught,2.5,0.0,0.0,2.5,2.5,2.5,0.0,0.0,0.0,2.5,0.0,0.0,2.5,2.5,2.5,High
Croatian,Health Policy,PG Taught,0.0,0.0,0.0,2.5,2.5,2.5,0.0,0.0,0.0,2.5,0.0,0.0,2.5,2.5,2.5,High
Croatian,International Development,PG Taught,0.0,0.0,0.0,2.5,0.0,0.0,0.0,0.0,0.0,2.5,2.5,2.5,0.0,0.0,0.0,Low
Croatian,International Development,UG Degree,0.0,0.0,0.0,0.0,0.0,0.0,0.0,0.0,0.0,2.5,0.0,0.0,0.0,0.0,0.0,Low
Croatian,International Relations,UG Degree,2.5,0.0,0.0,0.0,0.0,0.0,2.5,0.0,0.0,2.5,0.0,0.0,2.5,0.0,0.0,Low
Croatian,International Relations,PG Taught,2.5,2.5,2.5,0.0,0.0,0.0,0.0,0.0,0.0,2.5,2.5,2.5,2.5,2.5,0.0,Low
Croatian,Language Centre,UG Degree,2.5,2.5,0.0,0.0,0.0,0.0,0.0,0.0,0.0,0.0,0.0,0.0,0.0,0.0,0.0,
Croatian,Lse Law School,UG Degree,2.5,0.0,0.0,2.5,2.5,2.5,2.5,0.0,0.0,2.5,0.0,0.0,2.5,0.0,0.0,High
Croatian,Lse Law School,PG Taught,2.5,2.5,0.0,2.5,2.5,2.5,0.0,0.0,0.0,2.5,0.0,0.0,2.5,2.5,2.5,High
Croatian,Management,UG Degree,6.0,2.5,0.0,2.5,2.5,2.5,0.0,0.0,0.0,2.5,0.0,0.0,0.0,0.0,0.0,High
Croatian,Management,PG Taught,7.0,2.5,2.5,6.0,2.5,2.5,2.5,2.5,0.0,2.5,2.5,2.5,6.0,2.5,2.5,High
Croatian,Mathematics,UG Degree,2.5,0.0,0.0,2.5,0.0,0.0,0.0,0.0,0.0,2.5,0.0,0.0,2.5,0.0,0.0,High
Croatian,Mathematics,PG Taught,2.5,0.0,0.0,2.5,2.5,0.0,2.5,0.0,0.0,0.0,0.0,0.0,0.0,0.0,0.0,High
Croatian,Media And Communications,PG Taught,2.5,2.5,2.5,2.5,2.5,2.5,2.5,0.0,0.0,0.0,0.0,0.0,0.0,0.0,0.0,Low
Croatian,Methodology,PG Taught,0.0,0.0,0.0,2.5,0.0,0.0,0.0,0.0,0.0,0.0,0.0,0.0,0.0,0.0,0.0,High
Croatian,Philosophy Logic And Scientific Method,UG Degree,2.5,0.0,0.0,2.5,0.0,0.0,2.5,0.0,0.0,2.5,0.0,0.0,0.0,0.0,0.0,Low
Croatian,Psychological And Behavioural Science,UG Degree,0.0,0.0,0.0,0.0,0.0,0.0,2.5,0.0,0.0,0.0,0.0,0.0,0.0,0.0,0.0,Low
Croatian,Psychological And Behavioural Science,PG Taught,2.5,0.0,0.0,2.5,0.0,0.0,2.5,0.0,0.0,2.5,0.0,0.0,2.5,0.0,0.0,Low
Croatian,Public Policy,PG Taught,0.0,0.0,0.0,0.0,0.0,0.0,0.0,0.0,0.0,0.0,0.0,0.0,2.5,0.0,0.0,
Croatian,Social Policy,UG Degree,0.0,0.0,0.0,0.0,0.0,0.0,0.0,0.0,0.0,0.0,0.0,0.0,2.5,0.0,0.0,Low
Croatian,Sociology,UG Degree,0.0,0.0,0.0,2.5,0.0,0.0,0.0,0.0,0.0,0.0,0.0,0.0,0.0,0.0,0.0,Low
Croatian,Sociology,PG Taught,2.5,0.0,0.0,0.0,0.0,0.0,2.5,2.5,2.5,0.0,0.0,0.0,0.0,0.0,0.0,Low
Croatian,Statistics,UG Degree,0.0,0.0,0.0,0.0,0.0,0.0,2.5,0.0,0.0,2.5,0.0,0.0,2.5,0.0,0.0,High
Czech,Accounting,UG Degree,0.0,0.0,0.0,2.5,0.0,0.0,0.0,0.0,0.0,5.0,2.5,2.5,6.0,2.5,0.0,High
Czech,Accounting,PG Taught,2.5,0.0,0.0,2.5,0.0,0.0,2.5,2.5,2.5,2.5,2.5,2.5,2.5,2.5,2.5,High
Czech,Anthropology,UG Degree,0.0,0.0,0.0,2.5,0.0,0.0,0.0,0.0,0.0,2.5,0.0,0.0,2.5,2.5,0.0,Low
Czech,Anthropology,PG Taught,2.5,0.0,0.0,2.5,2.5,2.5,0.0,0.0,0.0,0.0,0.0,0.0,0.0,0.0,0.0,Low
Czech,Economic History,UG Degree,0.0,0.0,0.0,2.5,0.0,0.0,0.0,0.0,0.0,2.5,0.0,0.0,2.5,2.5,2.5,High
Czech,Economic History,PG Taught,2.5,0.0,0.0,2.5,2.5,2.5,2.5,0.0,0.0,2.5,2.5,0.0,2.5,2.5,0.0,High
Czech,Economics,UG Degree,6.0,0.0,0.0,2.5,0.0,0.0,2.5,0.0,0.0,9.0,2.5,0.0,2.5,2.5,0.0,High
Czech,Economics,PG Taught,2.5,2.5,0.0,0.0,0.0,0.0,5.0,0.0,0.0,2.5,2.5,2.5,2.5,0.0,0.0,High
Czech,European Institute,PG Taught,5.0,2.5,2.5,2.5,2.5,2.5,2.5,2.5,2.5,2.5,2.5,2.5,2.5,0.0,0.0,Low
Czech,Finance,UG Degree,2.5,2.5,0.0,2.5,0.0,0.0,0.0,0.0,0.0,7.0,2.5,2.5,2.5,2.5,2.5,High
Czech,Finance,PG Taught,9.0,6.0,2.5,2.5,2.5,2.5,9.0,2.5,0.0,2.5,2.5,2.5,2.5,0.0,0.0,High
Czech,Gender Studies,PG Taught,0.0,0.0,0.0,2.5,2.5,2.5,0.0,0.0,0.0,2.5,2.5,2.5,0.0,0.0,0.0,Low
Czech,Geography And Environment,UG Degree,2.5,0.0,0.0,0.0,0.0,0.0,2.5,0.0,0.0,0.0,0.0,0.0,0.0,0.0,0.0,High
Czech,Geography And Environment,PG Taught,2.5,2.5,2.5,6.0,2.5,2.5,2.5,0.0,0.0,2.5,2.5,2.5,2.5,0.0,0.0,High
Czech,Government,UG Degree,11.0,2.5,2.5,8.0,2.5,2.5,6.0,2.5,0.0,2.5,2.5,0.0,2.5,0.0,0.0,High
Czech,Government,PG Taught,2.5,2.5,2.5,2.5,2.5,0.0,2.5,2.5,0.0,7.0,2.5,0.0,2.5,2.5,0.0,High
Czech,Health Policy,PG Taught,2.5,2.5,0.0,2.5,2.5,2.5,2.5,2.5,2.5,0.0,0.0,0.0,0.0,0.0,0.0,High
Czech,International Development,PG Taught,6.0,2.5,0.0,2.5,2.5,2.5,2.5,2.5,0.0,2.5,2.5,2.5,2.5,2.5,2.5,Low
Czech,International History,UG Degree,2.5,2.5,0.0,2.5,0.0,0.0,0.0,0.0,0.0,2.5,0.0,0.0,6.0,2.5,0.0,Low
Czech,International History,PG Taught,2.5,2.5,2.5,0.0,0.0,0.0,0.0,0.0,0.0,0.0,0.0,0.0,2.5,2.5,2.5,Low
Czech,International Relations,UG Degree,2.5,0.0,0.0,2.5,2.5,2.5,2.5,2.5,0.0,2.5,0.0,0.0,2.5,0.0,0.0,Low
Czech,International Relations,PG Taught,2.5,0.0,0.0,2.5,2.5,2.5,2.5,0.0,0.0,5.0,2.5,2.5,2.5,2.5,2.5,Low
Czech,Language Centre,UG Degree,2.5,0.0,0.0,2.5,0.0,0.0,2.5,0.0,0.0,0.0,0.0,0.0,2.5,2.5,2.5,
Czech,Lse Law School,UG Degree,13.0,2.5,2.5,5.0,2.5,2.5,9.0,2.5,0.0,5.0,2.5,2.5,2.5,2.5,2.5,High
Czech,Lse Law School,PG Taught,0.0,0.0,0.0,5.0,2.5,2.5,7.0,2.5,2.5,2.5,0.0,0.0,2.5,2.5,0.0,High
Czech,Management,UG Degree,5.0,0.0,0.0,2.5,2.5,2.5,2.5,2.5,0.0,2.5,2.5,0.0,2.5,0.0,0.0,High
Czech,Management,PG Taught,10.0,2.5,2.5,7.0,2.5,2.5,2.5,2.5,0.0,10.0,2.5,2.5,6.0,2.5,2.5,High
Czech,Mathematics,UG Degree,2.5,2.5,0.0,2.5,0.0,0.0,0.0,0.0,0.0,2.5,0.0,0.0,2.5,0.0,0.0,High
Czech,Mathematics,PG Taught,0.0,0.0,0.0,2.5,0.0,0.0,0.0,0.0,0.0,2.5,0.0,0.0,2.5,2.5,0.0,High
Czech,Media And Communications,PG Taught,2.5,2.5,0.0,2.5,0.0,0.0,2.5,2.5,2.5,2.5,2.5,0.0,0.0,0.0,0.0,Low
Czech,Methodology,PG Taught,0.0,0.0,0.0,2.5,0.0,0.0,2.5,2.5,0.0,2.5,2.5,0.0,2.5,0.0,0.0,High
Czech,Philosophy Logic And Scientific Method,UG Degree,5.0,2.5,0.0,9.0,2.5,0.0,2.5,0.0,0.0,5.0,0.0,0.0,2.5,2.5,0.0,Low
Czech,Philosophy Logic And Scientific Method,PG Taught,2.5,0.0,0.0,0.0,0.0,0.0,0.0,0.0,0.0,2.5,2.5,0.0,0.0,0.0,0.0,Low
Czech,Psychological And Behavioural Science,UG Degree,0.0,0.0,0.0,2.5,2.5,0.0,2.5,0.0,0.0,2.5,0.0,0.0,2.5,0.0,0.0,Low
Czech,Psychological And Behavioural Science,PG Taught,2.5,2.5,0.0,2.5,2.5,2.5,5.0,2.5,0.0,2.5,0.0,0.0,2.5,2.5,2.5,Low
Czech,Public Policy,PG Taught,2.5,2.5,2.5,0.0,0.0,0.0,0.0,0.0,0.0,0.0,0.0,0.0,0.0,0.0,0.0,
Czech,Social Policy,UG Degree,2.5,0.0,0.0,0.0,0.0,0.0,2.5,0.0,0.0,0.0,0.0,0.0,2.5,0.0,0.0,Low
Czech,Social Policy,PG Taught,2.5,2.5,2.5,2.5,2.5,0.0,2.5,2.5,2.5,2.5,2.5,0.0,2.5,2.5,0.0,Low
Czech,Sociology,UG Degree,0.0,0.0,0.0,2.5,0.0,0.0,0.0,0.0,0.0,0.0,0.0,0.0,0.0,0.0,0.0,Low
Czech,Sociology,PG Taught,2.5,2.5,0.0,2.5,2.5,0.0,2.5,0.0,0.0,0.0,0.0,0.0,2.5,2.5,2.5,Low
Czech,Statistics,UG Degree,2.5,0.0,0.0,2.5,0.0,0.0,2.5,2.5,2.5,2.5,0.0,0.0,2.5,0.0,0.0,High
Czech,Statistics,PG Taught,0.0,0.0,0.0,2.5,2.5,0.0,2.5,0.0,0.0,2.5,0.0,0.0,2.5,0.0,0.0,High
Danish,Accounting,UG Degree,2.5,2.5,0.0,2.5,0.0,0.0,2.5,2.5,0.0,2.5,0.0,0.0,2.5,0.0,0.0,High
Danish,Accounting,PG Taught,2.5,0.0,0.0,0.0,0.0,0.0,2.5,2.5,2.5,2.5,0.0,0.0,0.0,0.0,0.0,High
Danish,Anthropology,UG Degree,6.0,2.5,2.5,2.5,2.5,2.5,2.5,2.5,2.5,2.5,0.0,0.0,2.5,0.0,0.0,Low
Danish,Anthropology,PG Taught,0.0,0.0,0.0,2.5,0.0,0.0,0.0,0.0,0.0,2.5,0.0,0.0,2.5,2.5,2.5,Low
Danish,Economic History,UG Degree,2.5,0.0,0.0,2.5,0.0,0.0,2.5,0.0,0.0,2.5,0.0,0.0,0.0,0.0,0.0,High
Danish,Economic History,PG Taught,0.0,0.0,0.0,0.0,0.0,0.0,0.0,0.0,0.0,0.0,0.0,0.0,2.5,2.5,2.5,High
Danish,Economics,UG Degree,14.0,0.0,0.0,9.0,2.5,2.5,6.0,0.0,0.0,6.0,0.0,0.0,6.0,0.0,0.0,High
Danish,Economics,PG Taught,7.0,2.5,2.5,7.0,2.5,2.5,2.5,2.5,2.5,5.0,2.5,0.0,7.0,6.0,2.5,High
Danish,European Institute,PG Taught,0.0,0.0,0.0,2.5,2.5,0.0,2.5,2.5,2.5,2.5,0.0,0.0,7.0,5.0,2.5,Low
Danish,Finance,UG Degree,0.0,0.0,0.0,5.0,2.5,2.5,2.5,2.5,2.5,6.0,0.0,0.0,2.5,0.0,0.0,High
Danish,Finance,PG Taught,5.0,2.5,2.5,8.0,2.5,2.5,17.0,7.0,2.5,8.0,5.0,2.5,6.0,2.5,2.5,High
Danish,Gender Studies,PG Taught,0.0,0.0,0.0,2.5,2.5,2.5,2.5,2.5,0.0,2.5,2.5,0.0,2.5,0.0,0.0,Low
Danish,Geography And Environment,UG Degree,2.5,2.5,0.0,2.5,2.5,0.0,2.5,0.0,0.0,2.5,0.0,0.0,2.5,0.0,0.0,High
Danish,Geography And Environment,PG Taught,5.0,2.5,2.5,2.5,2.5,2.5,9.0,2.5,2.5,6.0,2.5,2.5,5.0,2.5,2.5,High
Danish,Government,UG Degree,24.0,2.5,2.5,11.0,2.5,0.0,9.0,2.5,2.5,9.0,0.0,0.0,6.0,2.5,0.0,High
Danish,Government,PG Taught,9.0,2.5,2.5,8.0,6.0,2.5,5.0,2.5,2.5,8.0,2.5,2.5,5.0,2.5,2.5,High
Danish,Health Policy,PG Taught,2.5,2.5,2.5,2.5,2.5,2.5,0.0,0.0,0.0,0.0,0.0,0.0,0.0,0.0,0.0,High
Danish,International Development,PG Taught,5.0,2.5,2.5,2.5,0.0,0.0,2.5,2.5,0.0,2.5,2.5,0.0,5.0,2.5,2.5,Low
Danish,International History,UG Degree,7.0,2.5,2.5,2.5,2.5,2.5,2.5,0.0,0.0,2.5,2.5,0.0,2.5,2.5,0.0,Low
Danish,International History,PG Taught,0.0,0.0,0.0,2.5,2.5,0.0,0.0,0.0,0.0,2.5,2.5,0.0,2.5,2.5,2.5,Low
Danish,International Relations,UG Degree,8.0,0.0,0.0,6.0,2.5,0.0,2.5,0.0,0.0,0.0,0.0,0.0,6.0,2.5,0.0,Low
Danish,International Relations,PG Taught,5.0,2.5,2.5,6.0,2.5,2.5,5.0,2.5,2.5,2.5,2.5,0.0,9.0,5.0,2.5,Low
Danish,Language Centre,UG Degree,2.5,2.5,0.0,2.5,2.5,2.5,2.5,2.5,0.0,2.5,2.5,0.0,0.0,0.0,0.0,
Danish,Lse Law School,UG Degree,5.0,2.5,0.0,7.0,2.5,0.0,13.0,0.0,0.0,7.0,2.5,2.5,2.5,0.0,0.0,High
Danish,Lse Law School,PG Taught,8.0,2.5,0.0,2.5,2.5,0.0,2.5,0.0,0.0,0.0,0.0,0.0,2.5,2.5,2.5,High
Danish,Management,UG Degree,11.0,2.5,2.5,2.5,2.5,0.0,6.0,0.0,0.0,2.5,2.5,0.0,2.5,0.0,0.0,High
Danish,Management,PG Taught,14.0,6.0,2.5,6.0,2.5,2.5,11.0,2.5,2.5,2.5,0.0,0.0,8.0,2.5,2.5,High
Danish,Mathematics,UG Degree,2.5,2.5,0.0,5.0,2.5,2.5,2.5,0.0,0.0,2.5,0.0,0.0,2.5,0.0,0.0,High
Danish,Mathematics,PG Taught,5.0,2.5,2.5,0.0,0.0,0.0,2.5,2.5,2.5,2.5,2.5,2.5,2.5,2.5,0.0,High
Danish,Media And Communications,PG Taught,2.5,2.5,2.5,2.5,2.5,2.5,2.5,2.5,2.5,2.5,2.5,2.5,2.5,2.5,2.5,Low
Danish,Methodology,PG Taught,2.5,0.0,0.0,2.5,2.5,2.5,2.5,2.5,2.5,2.5,2.5,0.0,2.5,0.0,0.0,High
Danish,Philosophy Logic And Scientific Method,UG Degree,14.0,2.5,2.5,16.0,2.5,2.5,7.0,0.0,0.0,6.0,2.5,0.0,2.5,0.0,0.0,Low
Danish,Philosophy Logic And Scientific Method,PG Taught,6.0,2.5,2.5,2.5,2.5,0.0,0.0,0.0,0.0,2.5,2.5,2.5,0.0,0.0,0.0,Low
Danish,Psychological And Behavioural Science,UG Degree,2.5,0.0,0.0,2.5,0.0,0.0,2.5,0.0,0.0,2.5,0.0,0.0,0.0,0.0,0.0,Low
Danish,Psychological And Behavioural Science,PG Taught,6.0,2.5,2.5,2.5,2.5,2.5,5.0,2.5,2.5,8.0,5.0,2.5,2.5,2.5,2.5,Low
Danish,Public Policy,PG Taught,2.5,0.0,0.0,2.5,2.5,0.0,0.0,0.0,0.0,2.5,2.5,2.5,0.0,0.0,0.0,
Danish,Social Policy,UG Degree,2.5,2.5,0.0,2.5,0.0,0.0,2.5,0.0,0.0,0.0,0.0,0.0,2.5,2.5,0.0,Low
Danish,Social Policy,PG Taught,2.5,2.5,0.0,2.5,0.0,0.0,0.0,0.0,0.0,0.0,0.0,0.0,2.5,0.0,0.0,Low
Danish,Sociology,UG Degree,2.5,2.5,0.0,2.5,2.5,2.5,2.5,2.5,0.0,2.5,0.0,0.0,0.0,0.0,0.0,Low
Danish,Sociology,PG Taught,2.5,2.5,2.5,7.0,5.0,2.5,6.0,2.5,2.5,2.5,0.0,0.0,2.5,2.5,2.5,Low
Danish,Statistics,UG Degree,2.5,0.0,0.0,2.5,0.0,0.0,2.5,0.0,0.0,2.5,0.0,0.0,0.0,0.0,0.0,High
Danish,Statistics,PG Taught,2.5,2.5,2.5,2.5,0.0,0.0,0.0,0.0,0.0,2.5,0.0,0.0,2.5,2.5,2.5,High
Estonian,Accounting,UG Degree,2.5,0.0,0.0,2.5,0.0,0.0,2.5,0.0,0.0,0.0,0.0,0.0,0.0,0.0,0.0,High
Estonian,Anthropology,UG Degree,2.5,0.0,0.0,0.0,0.0,0.0,0.0,0.0,0.0,2.5,2.5,0.0,0.0,0.0,0.0,Low
Estonian,Economics,UG Degree,2.5,2.5,2.5,2.5,0.0,0.0,2.5,0.0,0.0,2.5,0.0,0.0,2.5,0.0,0.0,High
Estonian,Economics,PG Taught,0.0,0.0,0.0,2.5,2.5,0.0,0.0,0.0,0.0,0.0,0.0,0.0,0.0,0.0,0.0,High
Estonian,European Institute,PG Taught,0.0,0.0,0.0,2.5,2.5,2.5,2.5,0.0,0.0,0.0,0.0,0.0,0.0,0.0,0.0,Low
Estonian,Finance,UG Degree,0.0,0.0,0.0,2.5,0.0,0.0,2.5,0.0,0.0,0.0,0.0,0.0,2.5,0.0,0.0,High
Estonian,Finance,PG Taught,0.0,0.0,0.0,2.5,0.0,0.0,0.0,0.0,0.0,0.0,0.0,0.0,2.5,2.5,2.5,High
Estonian,Geography And Environment,UG Degree,0.0,0.0,0.0,0.0,0.0,0.0,2.5,2.5,0.0,0.0,0.0,0.0,0.0,0.0,0.0,High
Estonian,Government,UG Degree,0.0,0.0,0.0,2.5,0.0,0.0,2.5,0.0,0.0,2.5,0.0,0.0,2.5,0.0,0.0,High
Estonian,Government,PG Taught,0.0,0.0,0.0,0.0,0.0,0.0,0.0,0.0,0.0,0.0,0.0,0.0,2.5,2.5,0.0,High
Estonian,Health Policy,PG Taught,0.0,0.0,0.0,2.5,2.5,2.5,0.0,0.0,0.0,0.0,0.0,0.0,0.0,0.0,0.0,High
Estonian,International Development,PG Taught,0.0,0.0,0.0,2.5,2.5,0.0,2.5,2.5,0.0,2.5,2.5,0.0,0.0,0.0,0.0,Low
Estonian,International Development,UG Degree,2.5,2.5,0.0,0.0,0.0,0.0,2.5,0.0,0.0,0.0,0.0,0.0,0.0,0.0,0.0,Low
Estonian,International Relations,UG Degree,2.5,0.0,0.0,2.5,0.0,0.0,2.5,0.0,0.0,2.5,0.0,0.0,2.5,0.0,0.0,Low
Estonian,International Relations,PG Taught,2.5,2.5,0.0,0.0,0.0,0.0,2.5,0.0,0.0,0.0,0.0,0.0,2.5,2.5,0.0,Low
Estonian,Language Centre,UG Degree,0.0,0.0,0.0,2.5,0.0,0.0,0.0,0.0,0.0,2.5,0.0,0.0,0.0,0.0,0.0,
Estonian,Lse Law School,UG Degree,0.0,0.0,0.0,0.0,0.0,0.0,0.0,0.0,0.0,0.0,0.0,0.0,2.5,0.0,0.0,High
Estonian,Lse Law School,PG Taught,2.5,2.5,0.0,0.0,0.0,0.0,0.0,0.0,0.0,0.0,0.0,0.0,2.5,2.5,2.5,High
Estonian,Management,UG Degree,2.5,0.0,0.0,2.5,0.0,0.0,2.5,0.0,0.0,0.0,0.0,0.0,2.5,0.0,0.0,High
Estonian,Management,PG Taught,2.5,0.0,0.0,2.5,0.0,0.0,2.5,0.0,0.0,0.0,0.0,0.0,0.0,0.0,0.0,High
Estonian,Mathematics,UG Degree,0.0,0.0,0.0,2.5,0.0,0.0,2.5,0.0,0.0,0.0,0.0,0.0,2.5,2.5,0.0,High
Estonian,Mathematics,PG Taught,0.0,0.0,0.0,0.0,0.0,0.0,0.0,0.0,0.0,0.0,0.0,0.0,2.5,0.0,0.0,High
Estonian,Media And Communications,PG Taught,0.0,0.0,0.0,2.5,2.5,2.5,0.0,0.0,0.0,0.0,0.0,0.0,0.0,0.0,0.0,Low
Estonian,Methodology,PG Taught,0.0,0.0,0.0,2.5,0.0,0.0,0.0,0.0,0.0,0.0,0.0,0.0,2.5,0.0,0.0,High
Estonian,Philosophy Logic And Scientific Method,UG Degree,0.0,0.0,0.0,2.5,0.0,0.0,2.5,0.0,0.0,2.5,0.0,0.0,2.5,0.0,0.0,Low
Estonian,Philosophy Logic And Scientific Method,PG Taught,2.5,2.5,2.5,0.0,0.0,0.0,0.0,0.0,0.0,0.0,0.0,0.0,2.5,2.5,0.0,Low
Estonian,Psychological And Behavioural Science,UG Degree,0.0,0.0,0.0,2.5,2.5,0.0,2.5,2.5,2.5,0.0,0.0,0.0,0.0,0.0,0.0,Low
Estonian,Psychological And Behavioural Science,PG Taught,2.5,0.0,0.0,2.5,2.5,0.0,0.0,0.0,0.0,2.5,2.5,0.0,0.0,0.0,0.0,Low
Estonian,Public Policy,PG Taught,0.0,0.0,0.0,0.0,0.0,0.0,0.0,0.0,0.0,0.0,0.0,0.0,2.5,0.0,0.0,
Estonian,Social Policy,UG Degree,2.5,2.5,2.5,0.0,0.0,0.0,0.0,0.0,0.0,2.5,0.0,0.0,0.0,0.0,0.0,Low
Estonian,Sociology,UG Degree,2.5,0.0,0.0,0.0,0.0,0.0,0.0,0.0,0.0,0.0,0.0,0.0,0.0,0.0,0.0,Low
Estonian,Sociology,PG Taught,0.0,0.0,0.0,2.5,2.5,0.0,0.0,0.0,0.0,0.0,0.0,0.0,0.0,0.0,0.0,Low
Estonian,Statistics,UG Degree,2.5,2.5,2.5,0.0,0.0,0.0,2.5,2.5,2.5,0.0,0.0,0.0,0.0,0.0,0.0,High
Estonian,Statistics,PG Taught,0.0,0.0,0.0,0.0,0.0,0.0,0.0,0.0,0.0,0.0,0.0,0.0,2.5,0.0,0.0,High
Finnish,Accounting,UG Degree,2.5,0.0,0.0,6.0,0.0,0.0,2.5,0.0,0.0,6.0,0.0,0.0,2.5,0.0,0.0,High
Finnish,Accounting,PG Taught,2.5,2.5,2.5,0.0,0.0,0.0,2.5,2.5,2.5,0.0,0.0,0.0,2.5,0.0,0.0,High
Finnish,Anthropology,UG Degree,2.5,2.5,0.0,2.5,2.5,0.0,2.5,2.5,2.5,2.5,2.5,0.0,2.5,2.5,0.0,Low
Finnish,Anthropology,PG Taught,5.0,2.5,2.5,2.5,2.5,2.5,0.0,0.0,0.0,2.5,2.5,2.5,2.5,2.5,0.0,Low
Finnish,Economic History,UG Degree,2.5,0.0,0.0,2.5,2.5,2.5,2.5,0.0,0.0,2.5,2.5,2.5,0.0,0.0,0.0,High
Finnish,Economic History,PG Taught,0.0,0.0,0.0,2.5,2.5,2.5,0.0,0.0,0.0,2.5,0.0,0.0,2.5,2.5,2.5,High
Finnish,Economics,UG Degree,10.0,2.5,0.0,7.0,0.0,0.0,6.0,0.0,0.0,7.0,0.0,0.0,2.5,0.0,0.0,High
Finnish,Economics,PG Taught,2.5,2.5,0.0,2.5,0.0,0.0,2.5,2.5,2.5,5.0,2.5,2.5,2.5,2.5,0.0,High
Finnish,European Institute,PG Taught,0.0,0.0,0.0,2.5,2.5,2.5,5.0,2.5,2.5,2.5,2.5,0.0,5.0,2.5,2.5,Low
Finnish,Finance,UG Degree,2.5,0.0,0.0,7.0,2.5,2.5,2.5,2.5,0.0,2.5,2.5,2.5,2.5,2.5,2.5,High
Finnish,Finance,PG Taught,10.0,5.0,2.5,2.5,2.5,0.0,2.5,0.0,0.0,6.0,2.5,0.0,6.0,2.5,2.5,High
Finnish,Gender Studies,PG Taught,2.5,2.5,0.0,2.5,2.5,2.5,0.0,0.0,0.0,0.0,0.0,0.0,2.5,0.0,0.0,Low
Finnish,Geography And Environment,UG Degree,2.5,0.0,0.0,2.5,0.0,0.0,5.0,0.0,0.0,2.5,0.0,0.0,2.5,0.0,0.0,High
Finnish,Geography And Environment,PG Taught,2.5,2.5,2.5,7.0,2.5,2.5,2.5,2.5,2.5,2.5,2.5,0.0,0.0,0.0,0.0,High
Finnish,Government,UG Degree,6.0,0.0,0.0,6.0,0.0,0.0,7.0,0.0,0.0,8.0,2.5,0.0,6.0,2.5,2.5,High
Finnish,Government,PG Taught,5.0,2.5,2.5,2.5,0.0,0.0,5.0,2.5,2.5,2.5,2.5,2.5,2.5,2.5,2.5,High
Finnish,International Development,PG Taught,2.5,2.5,2.5,5.0,2.5,2.5,2.5,2.5,0.0,2.5,2.5,0.0,2.5,2.5,2.5,Low
Finnish,International History,UG Degree,2.5,2.5,0.0,2.5,0.0,0.0,0.0,0.0,0.0,2.5,2.5,2.5,0.0,0.0,0.0,Low
Finnish,International History,PG Taught,2.5,2.5,2.5,2.5,2.5,2.5,0.0,0.0,0.0,2.5,0.0,0.0,2.5,2.5,2.5,Low
Finnish,International Relations,UG Degree,7.0,0.0,0.0,5.0,2.5,2.5,2.5,2.5,2.5,2.5,0.0,0.0,2.5,2.5,0.0,Low
Finnish,International Relations,PG Taught,5.0,2.5,0.0,2.5,2.5,2.5,2.5,0.0,0.0,2.5,0.0,0.0,2.5,2.5,2.5,Low
Finnish,Language Centre,UG Degree,0.0,0.0,0.0,5.0,2.5,0.0,2.5,0.0,0.0,0.0,0.0,0.0,2.5,0.0,0.0,
Finnish,Lse Law School,UG Degree,12.0,2.5,0.0,13.0,2.5,2.5,8.0,0.0,0.0,7.0,2.5,2.5,2.5,0.0,0.0,High
Finnish,Lse Law School,PG Taught,9.0,2.5,2.5,6.0,2.5,2.5,2.5,0.0,0.0,2.5,2.5,0.0,2.5,2.5,2.5,High
Finnish,Management,UG Degree,2.5,2.5,2.5,5.0,0.0,0.0,2.5,0.0,0.0,2.5,2.5,0.0,2.5,0.0,0.0,High
Finnish,Management,PG Taught,6.0,2.5,2.5,7.0,2.5,0.0,9.0,7.0,2.5,2.5,0.0,0.0,2.5,2.5,0.0,High
Finnish,Mathematics,UG Degree,0.0,0.0,0.0,2.5,0.0,0.0,0.0,0.0,0.0,2.5,2.5,0.0,2.5,0.0,0.0,High
Finnish,Mathematics,PG Taught,0.0,0.0,0.0,2.5,2.5,2.5,2.5,2.5,2.5,2.5,0.0,0.0,2.5,2.5,0.0,High
Finnish,Media And Communications,PG Taught,0.0,0.0,0.0,0.0,0.0,0.0,2.5,2.5,2.5,2.5,2.5,2.5,0.0,0.0,0.0,Low
Finnish,Methodology,PG Taught,0.0,0.0,0.0,0.0,0.0,0.0,2.5,0.0,0.0,2.5,0.0,0.0,0.0,0.0,0.0,High
Finnish,Philosophy Logic And Scientific Method,UG Degree,2.5,2.5,0.0,2.5,2.5,0.0,2.5,0.0,0.0,2.5,0.0,0.0,2.5,0.0,0.0,Low
Finnish,Philosophy Logic And Scientific Method,PG Taught,0.0,0.0,0.0,0.0,0.0,0.0,2.5,2.5,2.5,2.5,2.5,2.5,0.0,0.0,0.0,Low
Finnish,Psychological And Behavioural Science,UG Degree,2.5,2.5,0.0,0.0,0.0,0.0,2.5,0.0,0.0,2.5,2.5,0.0,0.0,0.0,0.0,Low
Finnish,Psychological And Behavioural Science,PG Taught,6.0,2.5,2.5,2.5,2.5,2.5,2.5,2.5,2.5,2.5,2.5,2.5,2.5,2.5,2.5,Low
Finnish,Social Policy,UG Degree,2.5,2.5,0.0,2.5,2.5,2.5,2.5,0.0,0.0,2.5,0.0,0.0,0.0,0.0,0.0,Low
Finnish,Social Policy,PG Taught,2.5,2.5,0.0,2.5,2.5,2.5,0.0,0.0,0.0,2.5,2.5,2.5,2.5,2.5,0.0,Low
Finnish,Sociology,UG Degree,2.5,2.5,2.5,0.0,0.0,0.0,0.0,0.0,0.0,2.5,0.0,0.0,0.0,0.0,0.0,Low
Finnish,Sociology,PG Taught,2.5,2.5,2.5,2.5,2.5,2.5,2.5,2.5,0.0,0.0,0.0,0.0,0.0,0.0,0.0,Low
Finnish,Statistics,UG Degree,0.0,0.0,0.0,0.0,0.0,0.0,0.0,0.0,0.0,0.0,0.0,0.0,2.5,0.0,0.0,High
Finnish,Statistics,PG Taught,2.5,0.0,0.0,2.5,0.0,0.0,0.0,0.0,0.0,2.5,2.5,2.5,0.0,0.0,0.0,High
French,Accounting,UG Degree,20.0,2.5,2.5,29.0,2.5,2.5,21.0,2.5,2.5,25.0,5.0,2.5,24.0,2.5,0.0,High
French,Accounting,PG Taught,29.0,19.0,16.0,31.0,22.0,15.0,32.0,23.0,15.0,30.0,18.0,17.0,35.0,24.0,16.0,High
French,Anthropology,UG Degree,24.0,9.0,2.5,16.0,2.5,0.0,14.0,2.5,2.5,17.0,9.0,2.5,11.0,2.5,0.0,Low
French,Anthropology,PG Taught,2.5,2.5,0.0,7.0,2.5,2.5,10.0,7.0,2.5,10.0,7.0,5.0,0.0,0.0,0.0,Low
French,Economic History,UG Degree,14.0,2.5,2.5,18.0,6.0,2.5,22.0,2.5,2.5,20.0,2.5,2.5,20.0,2.5,0.0,High
French,Economic History,PG Taught,6.0,2.5,2.5,8.0,2.5,2.5,2.5,2.5,2.5,5.0,2.5,2.5,5.0,2.5,2.5,High
French,Economics,UG Degree,70.0,2.5,2.5,96.0,2.5,2.5,92.0,6.0,2.5,76.0,6.0,2.5,84.0,2.5,2.5,High
French,Economics,PG Taught,16.0,9.0,2.5,24.0,12.0,2.5,14.0,2.5,2.5,25.0,11.0,2.5,31.0,16.0,8.0,High
French,European Institute,PG Taught,71.0,42.0,39.0,62.0,39.0,33.0,72.0,37.0,36.0,89.0,48.0,37.0,88.0,51.0,46.0,Low
French,Finance,UG Degree,28.0,8.0,2.5,37.0,5.0,2.5,41.0,2.5,2.5,35.0,2.5,2.5,41.0,8.0,2.5,High
French,Finance,PG Taught,120.0,28.0,12.0,104.0,22.0,12.0,103.0,20.0,10.0,88.0,15.0,5.0,88.0,21.0,10.0,High
French,Gender Studies,PG Taught,23.0,10.0,7.0,16.0,7.0,8.0,19.0,8.0,6.0,10.0,6.0,2.5,9.0,6.0,2.5,Low
French,Geography And Environment,UG Degree,46.0,16.0,2.5,29.0,5.0,2.5,23.0,2.5,0.0,33.0,2.5,2.5,17.0,2.5,2.5,High
French,Geography And Environment,PG Taught,85.0,27.0,39.0,120.0,45.0,25.0,99.0,26.0,21.0,97.0,30.0,22.0,63.0,29.0,16.0,High
French,Government,UG Degree,253.0,22.0,11.0,231.0,9.0,6.0,258.0,14.0,5.0,169.0,14.0,5.0,165.0,9.0,2.5,High
French,Government,PG Taught,57.0,14.0,11.0,85.0,26.0,17.0,90.0,24.0,12.0,80.0,24.0,15.0,56.0,24.0,16.0,High
French,Health Policy,PG Taught,14.0,11.0,2.5,15.0,10.0,7.0,2.5,2.5,2.5,6.0,2.5,2.5,15.0,7.0,5.0,High
French,International Development,PG Taught,59.0,18.0,14.0,66.0,24.0,16.0,80.0,31.0,24.0,56.0,23.0,13.0,45.0,21.0,17.0,Low
French,International History,UG Degree,50.0,11.0,2.5,56.0,19.0,11.0,36.0,2.5,2.5,53.0,15.0,2.5,44.0,2.5,2.5,Low
French,International History,PG Taught,12.0,7.0,5.0,15.0,8.0,6.0,10.0,7.0,5.0,9.0,5.0,7.0,15.0,11.0,8.0,Low
French,International Relations,UG Degree,103.0,9.0,5.0,78.0,9.0,5.0,105.0,14.0,2.5,82.0,24.0,13.0,78.0,27.0,7.0,Low
French,International Relations,PG Taught,69.0,18.0,21.0,79.0,32.0,21.0,71.0,24.0,25.0,73.0,20.0,20.0,68.0,18.0,15.0,Low
French,Language Centre,UG Degree,33.0,5.0,2.5,37.0,7.0,2.5,20.0,13.0,6.0,26.0,12.0,5.0,7.0,5.0,2.5,
French,Lse Law School,UG Degree,50.0,6.0,2.5,37.0,2.5,2.5,53.0,5.0,2.5,45.0,2.5,2.5,29.0,2.5,0.0,High
French,Lse Law School,PG Taught,78.0,17.0,8.0,52.0,14.0,9.0,42.0,18.0,5.0,39.0,9.0,5.0,38.0,17.0,6.0,High
French,Management,UG Degree,256.0,58.0,21.0,257.0,63.0,35.0,200.0,19.0,8.0,155.0,18.0,11.0,147.0,25.0,9.0,High
French,Management,PG Taught,168.0,66.0,34.0,177.0,66.0,28.0,162.0,33.0,16.0,137.0,46.0,23.0,154.0,45.0,22.0,High
French,Mathematics,UG Degree,53.0,11.0,2.5,44.0,11.0,5.0,47.0,2.5,2.5,42.0,2.5,2.5,78.0,2.5,2.5,High
French,Mathematics,PG Taught,19.0,10.0,2.5,27.0,13.0,6.0,21.0,9.0,2.5,16.0,6.0,2.5,19.0,14.0,5.0,High
French,Media And Communications,PG Taught,50.0,19.0,12.0,48.0,14.0,10.0,49.0,19.0,13.0,26.0,10.0,6.0,21.0,8.0,2.5,Low
French,Methodology,PG Taught,9.0,2.5,2.5,8.0,2.5,0.0,6.0,0.0,0.0,13.0,5.0,2.5,2.5,2.5,2.5,High
French,Philosophy Logic And Scientific Method,UG Degree,137.0,12.0,2.5,113.0,16.0,7.0,75.0,6.0,2.5,64.0,5.0,2.5,66.0,7.0,2.5,Low
French,Philosophy Logic And Scientific Method,PG Taught,7.0,2.5,2.5,9.0,2.5,2.5,8.0,2.5,2.5,2.5,2.5,2.5,2.5,2.5,0.0,Low
French,Psychological And Behavioural Science,UG Degree,16.0,2.5,2.5,19.0,6.0,2.5,9.0,2.5,0.0,11.0,2.5,2.5,7.0,2.5,0.0,Low
French,Psychological And Behavioural Science,PG Taught,26.0,7.0,2.5,13.0,2.5,2.5,23.0,5.0,2.5,13.0,2.5,2.5,11.0,2.5,2.5,Low
French,Public Policy,PG Taught,30.0,14.0,2.5,27.0,17.0,2.5,16.0,11.0,2.5,34.0,19.0,14.0,36.0,20.0,18.0,
French,Social Policy,UG Degree,46.0,13.0,6.0,35.0,10.0,2.5,46.0,2.5,2.5,44.0,7.0,2.5,23.0,2.5,2.5,Low
French,Social Policy,PG Taught,30.0,9.0,7.0,35.0,16.0,12.0,29.0,13.0,5.0,22.0,12.0,5.0,15.0,2.5,2.5,Low
French,Sociology,UG Degree,13.0,7.0,2.5,11.0,6.0,2.5,9.0,2.5,2.5,6.0,2.5,2.5,2.5,0.0,0.0,Low
French,Sociology,PG Taught,26.0,10.0,2.5,31.0,12.0,7.0,37.0,18.0,10.0,31.0,14.0,9.0,23.0,8.0,5.0,Low
French,Statistics,UG Degree,32.0,2.5,2.5,33.0,2.5,2.5,32.0,2.5,2.5,24.0,2.5,2.5,34.0,11.0,2.5,High
French,Statistics,PG Taught,23.0,2.5,0.0,34.0,2.5,2.5,23.0,2.5,0.0,29.0,2.5,0.0,17.0,2.5,2.5,High
German,Accounting,UG Degree,24.0,5.0,2.5,14.0,2.5,2.5,17.0,0.0,0.0,14.0,2.5,2.5,13.0,0.0,0.0,High
German,Accounting,PG Taught,35.0,18.0,12.0,44.0,30.0,13.0,26.0,16.0,10.0,29.0,11.0,2.5,38.0,13.0,8.0,High
German,Anthropology,UG Degree,10.0,2.5,0.0,7.0,2.5,0.0,9.0,2.5,0.0,2.5,0.0,0.0,10.0,2.5,2.5,Low
German,Anthropology,PG Taught,2.5,2.5,2.5,8.0,2.5,2.5,6.0,2.5,2.5,6.0,2.5,2.5,5.0,2.5,2.5,Low
German,Economic History,UG Degree,12.0,2.5,2.5,14.0,2.5,2.5,25.0,5.0,2.5,14.0,2.5,0.0,16.0,2.5,0.0,High
German,Economic History,PG Taught,22.0,15.0,10.0,22.0,14.0,10.0,10.0,8.0,5.0,20.0,13.0,8.0,17.0,9.0,2.5,High
German,Economics,UG Degree,60.0,6.0,2.5,64.0,2.5,0.0,57.0,2.5,2.5,67.0,5.0,2.5,72.0,2.5,2.5,High
German,Economics,PG Taught,48.0,24.0,11.0,74.0,42.0,17.0,66.0,33.0,15.0,64.0,38.0,9.0,41.0,20.0,9.0,High
German,European Institute,PG Taught,72.0,35.0,23.0,50.0,29.0,23.0,76.0,38.0,23.0,70.0,41.0,25.0,48.0,30.0,18.0,Low
German,Finance,UG Degree,13.0,2.5,2.5,8.0,0.0,0.0,11.0,2.5,2.5,17.0,5.0,2.5,20.0,5.0,2.5,High
German,Finance,PG Taught,101.0,35.0,21.0,109.0,39.0,26.0,76.0,32.0,12.0,105.0,45.0,29.0,117.0,46.0,20.0,High
German,Gender Studies,PG Taught,9.0,2.5,2.5,12.0,6.0,2.5,20.0,8.0,2.5,14.0,5.0,2.5,10.0,5.0,2.5,Low
German,Geography And Environment,UG Degree,17.0,6.0,2.5,27.0,12.0,2.5,20.0,0.0,0.0,19.0,2.5,2.5,19.0,2.5,0.0,High
German,Geography And Environment,PG Taught,55.0,15.0,7.0,68.0,25.0,12.0,66.0,18.0,11.0,85.0,29.0,13.0,64.0,23.0,11.0,High
German,Government,UG Degree,75.0,2.5,2.5,55.0,7.0,5.0,67.0,2.5,2.5,56.0,7.0,2.5,53.0,14.0,5.0,High
German,Government,PG Taught,72.0,31.0,21.0,60.0,28.0,13.0,79.0,41.0,24.0,69.0,33.0,17.0,48.0,22.0,16.0,High
German,Health Policy,PG Taught,15.0,8.0,2.5,19.0,14.0,10.0,11.0,7.0,2.5,19.0,11.0,5.0,13.0,5.0,2.5,High
German,International Development,PG Taught,44.0,20.0,12.0,45.0,26.0,19.0,43.0,17.0,11.0,25.0,17.0,12.0,53.0,18.0,12.0,Low
German,International History,UG Degree,15.0,5.0,2.5,13.0,5.0,2.5,12.0,2.5,0.0,22.0,5.0,2.5,21.0,2.5,2.5,Low
German,International History,PG Taught,22.0,12.0,9.0,8.0,8.0,10.0,14.0,8.0,5.0,16.0,5.0,2.5,21.0,11.0,8.0,Low
German,International Relations,UG Degree,35.0,2.5,0.0,31.0,0.0,0.0,23.0,2.5,2.5,22.0,5.0,2.5,21.0,5.0,2.5,Low
German,International Relations,PG Taught,115.0,33.0,21.0,80.0,45.0,30.0,93.0,39.0,25.0,91.0,39.0,30.0,68.0,35.0,22.0,Low
German,Language Centre,UG Degree,9.0,2.5,2.5,11.0,8.0,2.5,10.0,2.5,2.5,2.5,2.5,0.0,2.5,2.5,0.0,
German,Lse Law School,UG Degree,39.0,8.0,2.5,42.0,8.0,2.5,32.0,8.0,2.5,34.0,2.5,0.0,35.0,2.5,2.5,High
German,Lse Law School,PG Taught,73.0,35.0,21.0,63.0,36.0,13.0,61.0,32.0,14.0,59.0,32.0,12.0,82.0,49.0,19.0,High
German,Management,UG Degree,63.0,9.0,6.0,45.0,9.0,2.5,63.0,2.5,2.5,64.0,6.0,2.5,52.0,5.0,2.5,High
German,Management,PG Taught,197.0,92.0,52.0,186.0,75.0,47.0,177.0,80.0,42.0,141.0,57.0,35.0,153.0,66.0,46.0,High
German,Mathematics,UG Degree,14.0,2.5,2.5,24.0,10.0,5.0,13.0,2.5,0.0,14.0,2.5,2.5,20.0,2.5,2.5,High
German,Mathematics,PG Taught,18.0,8.0,2.5,15.0,2.5,2.5,9.0,2.5,0.0,14.0,8.0,2.5,8.0,2.5,0.0,High
German,Media And Communications,PG Taught,29.0,11.0,7.0,22.0,7.0,2.5,30.0,7.0,2.5,23.0,8.0,6.0,19.0,7.0,5.0,Low
German,Methodology,PG Taught,19.0,6.0,2.5,21.0,8.0,2.5,16.0,5.0,0.0,20.0,9.0,2.5,19.0,12.0,5.0,High
German,Philosophy Logic And Scientific Method,UG Degree,108.0,11.0,2.5,71.0,5.0,2.5,77.0,2.5,2.5,55.0,2.5,2.5,59.0,5.0,2.5,Low
German,Philosophy Logic And Scientific Method,PG Taught,33.0,18.0,12.0,18.0,5.0,2.5,27.0,12.0,9.0,23.0,8.0,6.0,11.0,5.0,2.5,Low
German,Psychological And Behavioural Science,UG Degree,18.0,2.5,2.5,18.0,7.0,0.0,21.0,2.5,2.5,14.0,2.5,0.0,15.0,2.5,2.5,Low
German,Psychological And Behavioural Science,PG Taught,85.0,31.0,21.0,88.0,40.0,27.0,67.0,30.0,18.0,92.0,33.0,23.0,83.0,33.0,24.0,Low
German,Public Policy,PG Taught,15.0,10.0,8.0,14.0,8.0,2.5,17.0,9.0,5.0,28.0,12.0,7.0,17.0,8.0,8.0,
German,Social Policy,UG Degree,25.0,8.0,2.5,8.0,2.5,0.0,13.0,0.0,0.0,17.0,2.5,0.0,14.0,2.5,2.5,Low
German,Social Policy,PG Taught,25.0,8.0,7.0,9.0,6.0,0.0,20.0,11.0,5.0,20.0,7.0,2.5,14.0,9.0,5.0,Low
German,Sociology,UG Degree,0.0,0.0,0.0,5.0,0.0,0.0,2.5,2.5,0.0,2.5,0.0,0.0,2.5,0.0,0.0,Low
German,Sociology,PG Taught,48.0,23.0,13.0,39.0,22.0,11.0,49.0,23.0,13.0,33.0,19.0,6.0,29.0,21.0,8.0,Low
German,Statistics,UG Degree,5.0,0.0,0.0,8.0,2.5,0.0,12.0,2.5,2.5,13.0,2.5,0.0,12.0,0.0,0.0,High
German,Statistics,PG Taught,46.0,6.0,2.5,34.0,2.5,2.5,21.0,2.5,2.5,21.0,2.5,0.0,19.0,6.0,2.5,High
Irish,Accounting,UG Degree,13.0,0.0,0.0,8.0,2.5,2.5,14.0,2.5,2.5,9.0,2.5,0.0,11.0,2.5,0.0,High
Irish,Accounting,PG Taught,0.0,0.0,0.0,2.5,0.0,0.0,2.5,2.5,2.5,2.5,2.5,0.0,2.5,2.5,0.0,High
Irish,Anthropology,UG Degree,7.0,2.5,0.0,11.0,2.5,2.5,5.0,2.5,2.5,2.5,2.5,0.0,2.5,0.0,0.0,Low
Irish,Anthropology,PG Taught,0.0,0.0,0.0,2.5,2.5,2.5,0.0,0.0,0.0,2.5,2.5,0.0,2.5,2.5,2.5,Low
Irish,Economic History,UG Degree,6.0,2.5,0.0,5.0,2.5,0.0,2.5,0.0,0.0,2.5,0.0,0.0,10.0,2.5,2.5,High
Irish,Economic History,PG Taught,2.5,2.5,0.0,2.5,2.5,2.5,2.5,2.5,2.5,2.5,2.5,2.5,0.0,0.0,0.0,High
Irish,Economics,UG Degree,15.0,2.5,2.5,27.0,2.5,0.0,36.0,2.5,2.5,26.0,2.5,2.5,18.0,2.5,2.5,High
Irish,Economics,PG Taught,2.5,2.5,0.0,2.5,2.5,2.5,11.0,2.5,0.0,5.0,2.5,2.5,5.0,2.5,2.5,High
Irish,European Institute,PG Taught,5.0,2.5,2.5,8.0,5.0,2.5,2.5,2.5,2.5,6.0,2.5,2.5,6.0,2.5,2.5,Low
Irish,Finance,UG Degree,2.5,0.0,0.0,2.5,0.0,0.0,10.0,0.0,0.0,7.0,2.5,0.0,9.0,0.0,0.0,High
Irish,Finance,PG Taught,12.0,2.5,0.0,17.0,2.5,2.5,11.0,2.5,0.0,24.0,6.0,5.0,13.0,2.5,0.0,High
Irish,Gender Studies,PG Taught,2.5,0.0,0.0,5.0,2.5,2.5,10.0,8.0,6.0,2.5,2.5,2.5,2.5,2.5,0.0,Low
Irish,Geography And Environment,UG Degree,2.5,0.0,0.0,8.0,2.5,0.0,5.0,2.5,0.0,7.0,2.5,0.0,5.0,2.5,0.0,High
Irish,Geography And Environment,PG Taught,13.0,7.0,2.5,10.0,2.5,2.5,20.0,9.0,6.0,5.0,2.5,2.5,7.0,2.5,2.5,High
Irish,Government,UG Degree,12.0,2.5,0.0,17.0,2.5,2.5,22.0,2.5,2.5,20.0,2.5,2.5,26.0,7.0,2.5,High
Irish,Government,PG Taught,10.0,5.0,2.5,8.0,2.5,2.5,2.5,0.0,0.0,8.0,6.0,2.5,9.0,5.0,2.5,High
Irish,Health Policy,PG Taught,2.5,2.5,0.0,7.0,5.0,2.5,5.0,2.5,2.5,2.5,2.5,2.5,5.0,2.5,2.5,High
Irish,International Development,PG Taught,11.0,2.5,2.5,11.0,2.5,2.5,14.0,8.0,2.5,2.5,2.5,2.5,2.5,0.0,0.0,Low
Irish,International History,UG Degree,2.5,2.5,2.5,2.5,2.5,0.0,2.5,2.5,0.0,9.0,2.5,2.5,9.0,2.5,0.0,Low
Irish,International History,PG Taught,6.0,2.5,2.5,2.5,2.5,0.0,2.5,2.5,2.5,9.0,2.5,2.5,2.5,2.5,2.5,Low
Irish,International Relations,UG Degree,2.5,2.5,0.0,2.5,0.0,0.0,2.5,0.0,0.0,5.0,2.5,2.5,2.5,0.0,0.0,Low
Irish,International Relations,PG Taught,10.0,2.5,2.5,10.0,5.0,2.5,10.0,2.5,0.0,7.0,2.5,0.0,8.0,2.5,2.5,Low
Irish,Language Centre,UG Degree,2.5,2.5,0.0,2.5,2.5,0.0,2.5,2.5,0.0,2.5,0.0,0.0,2.5,0.0,0.0,
Irish,Lse Law School,UG Degree,20.0,2.5,0.0,23.0,6.0,2.5,25.0,5.0,2.5,30.0,6.0,2.5,21.0,2.5,2.5,High
Irish,Lse Law School,PG Taught,24.0,12.0,5.0,25.0,17.0,6.0,31.0,26.0,11.0,15.0,6.0,2.5,17.0,13.0,6.0,High
Irish,Management,UG Degree,5.0,2.5,0.0,6.0,2.5,0.0,9.0,0.0,0.0,7.0,2.5,2.5,5.0,0.0,0.0,High
Irish,Management,PG Taught,11.0,2.5,2.5,19.0,7.0,2.5,8.0,6.0,2.5,13.0,5.0,2.5,9.0,2.5,2.5,High
Irish,Mathematics,UG Degree,2.5,2.5,0.0,10.0,2.5,2.5,12.0,2.5,2.5,11.0,2.5,0.0,10.0,0.0,0.0,High
Irish,Mathematics,PG Taught,6.0,2.5,0.0,2.5,0.0,0.0,2.5,2.5,0.0,2.5,2.5,2.5,2.5,0.0,0.0,High
Irish,Media And Communications,PG Taught,7.0,2.5,2.5,8.0,6.0,2.5,2.5,2.5,2.5,2.5,2.5,0.0,2.5,2.5,2.5,Low
Irish,Methodology,PG Taught,2.5,0.0,0.0,2.5,2.5,2.5,2.5,2.5,2.5,0.0,0.0,0.0,2.5,2.5,2.5,High
Irish,Philosophy Logic And Scientific Method,UG Degree,12.0,2.5,0.0,14.0,2.5,2.5,13.0,2.5,0.0,15.0,2.5,2.5,13.0,2.5,2.5,Low
Irish,Philosophy Logic And Scientific Method,PG Taught,2.5,2.5,2.5,6.0,2.5,0.0,2.5,2.5,0.0,6.0,2.5,2.5,8.0,2.5,2.5,Low
Irish,Psychological And Behavioural Science,UG Degree,2.5,2.5,0.0,2.5,0.0,0.0,2.5,0.0,0.0,6.0,2.5,0.0,2.5,2.5,0.0,Low
Irish,Psychological And Behavioural Science,PG Taught,5.0,2.5,2.5,12.0,2.5,2.5,9.0,2.5,2.5,11.0,2.5,2.5,9.0,6.0,2.5,Low
Irish,Public Policy,PG Taught,0.0,0.0,0.0,2.5,0.0,0.0,0.0,0.0,0.0,2.5,2.5,2.5,2.5,2.5,2.5,
Irish,Social Policy,UG Degree,2.5,0.0,0.0,2.5,0.0,0.0,5.0,0.0,0.0,2.5,0.0,0.0,2.5,0.0,0.0,Low
Irish,Social Policy,PG Taught,7.0,2.5,2.5,5.0,2.5,2.5,7.0,2.5,2.5,8.0,6.0,2.5,2.5,2.5,2.5,Low
Irish,Sociology,UG Degree,2.5,2.5,2.5,2.5,2.5,0.0,2.5,2.5,2.5,2.5,2.5,0.0,2.5,0.0,0.0,Low
Irish,Sociology,PG Taught,7.0,2.5,2.5,9.0,2.5,2.5,9.0,5.0,2.5,2.5,2.5,2.5,12.0,7.0,2.5,Low
Irish,Statistics,UG Degree,9.0,2.5,2.5,11.0,2.5,0.0,7.0,2.5,2.5,16.0,5.0,2.5,16.0,2.5,2.5,High
Irish,Statistics,PG Taught,2.5,2.5,0.0,8.0,2.5,2.5,2.5,2.5,0.0,6.0,2.5,0.0,2.5,2.5,2.5,High
Italian,Accounting,UG Degree,30.0,2.5,2.5,34.0,2.5,2.5,25.0,2.5,0.0,21.0,2.5,2.5,28.0,2.5,0.0,High
Italian,Accounting,PG Taught,36.0,17.0,12.0,29.0,14.0,8.0,31.0,18.0,10.0,22.0,8.0,2.5,27.0,9.0,2.5,High
Italian,Anthropology,UG Degree,12.0,2.5,2.5,11.0,2.5,0.0,13.0,2.5,2.5,7.0,2.5,0.0,10.0,2.5,2.5,Low
Italian,Anthropology,PG Taught,9.0,5.0,2.5,9.0,2.5,2.5,6.0,2.5,2.5,5.0,2.5,2.5,0.0,0.0,0.0,Low
Italian,Economic History,UG Degree,12.0,2.5,2.5,19.0,2.5,2.5,25.0,2.5,2.5,22.0,2.5,2.5,19.0,2.5,2.5,High
Italian,Economic History,PG Taught,11.0,6.0,2.5,13.0,6.0,2.5,10.0,2.5,2.5,15.0,6.0,5.0,8.0,2.5,2.5,High
Italian,Economics,UG Degree,84.0,6.0,2.5,59.0,0.0,0.0,58.0,0.0,0.0,68.0,5.0,2.5,51.0,2.5,0.0,High
Italian,Economics,PG Taught,61.0,19.0,5.0,58.0,17.0,7.0,45.0,14.0,5.0,46.0,21.0,11.0,35.0,12.0,5.0,High
Italian,European Institute,PG Taught,95.0,53.0,41.0,63.0,46.0,51.0,48.0,23.0,29.0,56.0,33.0,32.0,74.0,46.0,37.0,Low
Italian,Finance,UG Degree,18.0,2.5,2.5,18.0,2.5,2.5,28.0,2.5,2.5,35.0,2.5,2.5,28.0,2.5,2.5,High
Italian,Finance,PG Taught,122.0,27.0,15.0,127.0,33.0,22.0,130.0,36.0,19.0,112.0,26.0,13.0,124.0,35.0,23.0,High
Italian,Gender Studies,PG Taught,20.0,8.0,6.0,15.0,2.5,2.5,12.0,2.5,2.5,13.0,7.0,2.5,10.0,5.0,2.5,Low
Italian,Geography And Environment,UG Degree,10.0,2.5,2.5,9.0,2.5,0.0,17.0,2.5,2.5,16.0,2.5,0.0,10.0,2.5,2.5,High
Italian,Geography And Environment,PG Taught,71.0,20.0,12.0,51.0,17.0,9.0,44.0,10.0,7.0,36.0,9.0,2.5,57.0,19.0,11.0,High
Italian,Government,UG Degree,79.0,7.0,5.0,67.0,5.0,2.5,84.0,6.0,2.5,62.0,6.0,2.5,66.0,6.0,2.5,High
Italian,Government,PG Taught,63.0,21.0,13.0,53.0,24.0,14.0,40.0,16.0,10.0,36.0,19.0,9.0,31.0,13.0,6.0,High
Italian,Health Policy,PG Taught,13.0,7.0,5.0,11.0,6.0,2.5,13.0,7.0,6.0,2.5,2.5,2.5,5.0,2.5,2.5,High
Italian,International Development,PG Taught,39.0,14.0,8.0,70.0,31.0,20.0,43.0,16.0,14.0,40.0,21.0,19.0,41.0,16.0,14.0,Low
Italian,International History,UG Degree,25.0,6.0,2.5,14.0,2.5,2.5,17.0,2.5,0.0,18.0,5.0,2.5,23.0,2.5,2.5,Low
Italian,International History,PG Taught,11.0,8.0,6.0,17.0,8.0,7.0,15.0,8.0,2.5,11.0,5.0,5.0,10.0,5.0,6.0,Low
Italian,International Relations,UG Degree,43.0,2.5,2.5,43.0,2.5,2.5,19.0,2.5,2.5,25.0,2.5,2.5,26.0,9.0,2.5,Low
Italian,International Relations,PG Taught,57.0,14.0,11.0,61.0,22.0,17.0,50.0,13.0,11.0,48.0,17.0,14.0,35.0,8.0,5.0,Low
Italian,Language Centre,UG Degree,19.0,2.5,2.5,16.0,7.0,2.5,17.0,2.5,0.0,14.0,7.0,2.5,6.0,2.5,0.0,
Italian,Lse Law School,UG Degree,45.0,8.0,5.0,53.0,6.0,2.5,38.0,2.5,2.5,34.0,2.5,2.5,24.0,2.5,2.5,High
Italian,Lse Law School,PG Taught,43.0,15.0,5.0,35.0,17.0,11.0,29.0,14.0,6.0,21.0,11.0,2.5,15.0,11.0,6.0,High
Italian,Management,UG Degree,87.0,11.0,2.5,75.0,2.5,2.5,85.0,6.0,2.5,67.0,11.0,5.0,55.0,9.0,2.5,High
Italian,Management,PG Taught,122.0,38.0,25.0,151.0,43.0,24.0,122.0,26.0,10.0,129.0,41.0,19.0,117.0,35.0,19.0,High
Italian,Mathematics,UG Degree,23.0,2.5,2.5,12.0,2.5,2.5,17.0,2.5,0.0,20.0,0.0,0.0,18.0,2.5,0.0,High
Italian,Mathematics,PG Taught,25.0,8.0,2.5,25.0,2.5,0.0,12.0,2.5,2.5,11.0,2.5,2.5,21.0,7.0,2.5,High
Italian,Media And Communications,PG Taught,34.0,18.0,11.0,48.0,22.0,12.0,31.0,10.0,2.5,36.0,13.0,9.0,24.0,10.0,5.0,Low
Italian,Methodology,PG Taught,8.0,2.5,2.5,13.0,2.5,2.5,8.0,2.5,2.5,8.0,2.5,2.5,11.0,2.5,2.5,High
Italian,Philosophy Logic And Scientific Method,UG Degree,71.0,0.0,0.0,63.0,6.0,2.5,52.0,2.5,2.5,43.0,2.5,2.5,35.0,2.5,2.5,Low
Italian,Philosophy Logic And Scientific Method,PG Taught,19.0,7.0,2.5,16.0,9.0,5.0,18.0,10.0,7.0,16.0,7.0,2.5,19.0,8.0,2.5,Low
Italian,Psychological And Behavioural Science,UG Degree,11.0,2.5,0.0,8.0,2.5,2.5,10.0,2.5,2.5,14.0,0.0,0.0,14.0,2.5,2.5,Low
Italian,Psychological And Behavioural Science,PG Taught,34.0,10.0,7.0,28.0,6.0,5.0,25.0,6.0,2.5,28.0,10.0,5.0,15.0,5.0,2.5,Low
Italian,Public Policy,PG Taught,13.0,8.0,2.5,14.0,7.0,2.5,6.0,2.5,2.5,22.0,8.0,5.0,18.0,7.0,8.0,
Italian,Social Policy,UG Degree,18.0,2.5,0.0,16.0,2.5,2.5,13.0,2.5,0.0,18.0,2.5,0.0,10.0,0.0,0.0,Low
Italian,Social Policy,PG Taught,32.0,11.0,10.0,24.0,13.0,7.0,35.0,21.0,11.0,19.0,8.0,6.0,21.0,10.0,9.0,Low
Italian,Sociology,UG Degree,2.5,2.5,0.0,6.0,2.5,0.0,5.0,2.5,2.5,2.5,2.5,0.0,2.5,0.0,0.0,Low
Italian,Sociology,PG Taught,33.0,15.0,6.0,31.0,14.0,5.0,36.0,12.0,8.0,34.0,13.0,7.0,23.0,10.0,5.0,Low
Italian,Statistics,UG Degree,9.0,2.5,0.0,8.0,2.5,2.5,13.0,0.0,0.0,14.0,2.5,2.5,15.0,2.5,2.5,High
Italian,Statistics,PG Taught,29.0,2.5,2.5,34.0,2.5,0.0,31.0,2.5,2.5,11.0,2.5,2.5,25.0,9.0,2.5,High
Latvian,Accounting,UG Degree,0.0,0.0,0.0,2.5,0.0,0.0,2.5,0.0,0.0,0.0,0.0,0.0,0.0,0.0,0.0,High
Latvian,Accounting,PG Taught,2.5,2.5,0.0,2.5,2.5,2.5,0.0,0.0,0.0,0.0,0.0,0.0,2.5,0.0,0.0,High
Latvian,Anthropology,UG Degree,0.0,0.0,0.0,0.0,0.0,0.0,0.0,0.0,0.0,0.0,0.0,0.0,2.5,0.0,0.0,Low
Latvian,Economic History,UG Degree,0.0,0.0,0.0,2.5,0.0,0.0,0.0,0.0,0.0,0.0,0.0,0.0,0.0,0.0,0.0,High
Latvian,Economic History,PG Taught,0.0,0.0,0.0,0.0,0.0,0.0,2.5,0.0,0.0,0.0,0.0,0.0,0.0,0.0,0.0,High
Latvian,Economics,UG Degree,2.5,0.0,0.0,2.5,2.5,2.5,2.5,0.0,0.0,2.5,0.0,0.0,2.5,0.0,0.0,High
Latvian,Economics,PG Taught,0.0,0.0,0.0,2.5,0.0,0.0,0.0,0.0,0.0,0.0,0.0,0.0,0.0,0.0,0.0,High
Latvian,European Institute,PG Taught,2.5,2.5,2.5,2.5,0.0,0.0,2.5,2.5,2.5,2.5,0.0,0.0,2.5,0.0,2.5,Low
Latvian,Finance,UG Degree,2.5,0.0,0.0,2.5,0.0,0.0,2.5,0.0,0.0,0.0,0.0,0.0,2.5,0.0,0.0,High
Latvian,Finance,PG Taught,2.5,2.5,2.5,6.0,2.5,0.0,2.5,0.0,0.0,2.5,0.0,0.0,2.5,0.0,0.0,High
Latvian,Gender Studies,PG Taught,0.0,0.0,0.0,0.0,0.0,0.0,2.5,0.0,0.0,0.0,0.0,0.0,2.5,2.5,2.5,Low
Latvian,Geography And Environment,UG Degree,0.0,0.0,0.0,2.5,2.5,2.5,0.0,0.0,0.0,0.0,0.0,0.0,0.0,0.0,0.0,High
Latvian,Geography And Environment,PG Taught,0.0,0.0,0.0,0.0,0.0,0.0,2.5,0.0,0.0,0.0,0.0,0.0,0.0,0.0,0.0,High
Latvian,Government,UG Degree,5.0,0.0,0.0,2.5,0.0,0.0,2.5,0.0,0.0,2.5,0.0,0.0,2.5,0.0,0.0,High
Latvian,Government,PG Taught,2.5,2.5,0.0,0.0,0.0,0.0,0.0,0.0,0.0,0.0,0.0,0.0,0.0,0.0,0.0,High
Latvian,International Development,PG Taught,0.0,0.0,0.0,0.0,0.0,0.0,2.5,0.0,0.0,0.0,0.0,0.0,0.0,0.0,0.0,Low
Latvian,International Development,UG Degree,2.5,0.0,0.0,0.0,0.0,0.0,0.0,0.0,0.0,2.5,0.0,0.0,2.5,0.0,0.0,Low
Latvian,International Relations,UG Degree,2.5,0.0,0.0,2.5,2.5,0.0,2.5,0.0,0.0,2.5,0.0,0.0,0.0,0.0,0.0,Low
Latvian,International Relations,PG Taught,2.5,2.5,2.5,0.0,0.0,0.0,0.0,0.0,0.0,2.5,2.5,0.0,0.0,0.0,0.0,Low
Latvian,Language Centre,UG Degree,0.0,0.0,0.0,0.0,0.0,0.0,0.0,0.0,0.0,2.5,0.0,0.0,0.0,0.0,0.0,
Latvian,Lse Law School,UG Degree,2.5,2.5,0.0,2.5,0.0,0.0,2.5,0.0,0.0,2.5,0.0,0.0,2.5,2.5,0.0,High
Latvian,Lse Law School,PG Taught,2.5,0.0,0.0,0.0,0.0,0.0,2.5,0.0,0.0,0.0,0.0,0.0,2.5,2.5,2.5,High
Latvian,Management,UG Degree,2.5,0.0,0.0,2.5,0.0,0.0,5.0,2.5,2.5,2.5,0.0,0.0,2.5,0.0,0.0,High
Latvian,Management,PG Taught,2.5,0.0,0.0,5.0,2.5,2.5,2.5,2.5,0.0,0.0,0.0,0.0,2.5,0.0,0.0,High
Latvian,Mathematics,UG Degree,2.5,0.0,0.0,2.5,2.5,0.0,2.5,0.0,0.0,2.5,0.0,0.0,2.5,0.0,0.0,High
Latvian,Mathematics,PG Taught,2.5,0.0,0.0,2.5,0.0,0.0,0.0,0.0,0.0,2.5,0.0,0.0,0.0,0.0,0.0,High
Latvian,Media And Communications,PG Taught,0.0,0.0,0.0,2.5,0.0,0.0,2.5,2.5,2.5,2.5,0.0,0.0,0.0,0.0,0.0,Low
Latvian,Methodology,PG Taught,0.0,0.0,0.0,2.5,0.0,0.0,0.0,0.0,0.0,0.0,0.0,0.0,2.5,0.0,0.0,High
Latvian,Philosophy Logic And Scientific Method,UG Degree,2.5,0.0,0.0,2.5,2.5,0.0,2.5,0.0,0.0,0.0,0.0,0.0,2.5,0.0,0.0,Low
Latvian,Philosophy Logic And Scientific Method,PG Taught,0.0,0.0,0.0,2.5,2.5,2.5,0.0,0.0,0.0,0.0,0.0,0.0,0.0,0.0,0.0,Low
Latvian,Psychological And Behavioural Science,UG Degree,0.0,0.0,0.0,0.0,0.0,0.0,0.0,0.0,0.0,0.0,0.0,0.0,2.5,0.0,0.0,Low
Latvian,Psychological And Behavioural Science,PG Taught,2.5,2.5,2.5,0.0,0.0,0.0,2.5,0.0,0.0,0.0,0.0,0.0,0.0,0.0,0.0,Low
Latvian,Social Policy,UG Degree,0.0,0.0,0.0,0.0,0.0,0.0,0.0,0.0,0.0,0.0,0.0,0.0,2.5,0.0,0.0,Low
Latvian,Social Policy,PG Taught,2.5,2.5,0.0,2.5,0.0,0.0,0.0,0.0,0.0,0.0,0.0,0.0,0.0,0.0,0.0,Low
Latvian,Sociology,UG Degree,0.0,0.0,0.0,2.5,0.0,0.0,2.5,0.0,0.0,0.0,0.0,0.0,0.0,0.0,0.0,Low
Latvian,Sociology,PG Taught,2.5,0.0,0.0,2.5,2.5,0.0,2.5,2.5,2.5,2.5,0.0,0.0,2.5,0.0,0.0,Low
Latvian,Statistics,UG Degree,0.0,0.0,0.0,2.5,0.0,0.0,2.5,0.0,0.0,2.5,0.0,0.0,2.5,0.0,0.0,High
Latvian,Statistics,PG Taught,0.0,0.0,0.0,0.0,0.0,0.0,0.0,0.0,0.0,0.0,0.0,0.0,2.5,0.0,0.0,High
Lithuanian,Accounting,UG Degree,2.5,2.5,0.0,2.5,2.5,2.5,2.5,0.0,0.0,2.5,2.5,0.0,5.0,2.5,0.0,High
Lithuanian,Accounting,PG Taught,2.5,0.0,0.0,2.5,2.5,2.5,0.0,0.0,0.0,0.0,0.0,0.0,0.0,0.0,0.0,High
Lithuanian,Anthropology,UG Degree,2.5,0.0,0.0,2.5,0.0,0.0,0.0,0.0,0.0,2.5,0.0,0.0,2.5,2.5,0.0,Low
Lithuanian,Economic History,UG Degree,2.5,0.0,0.0,2.5,2.5,2.5,2.5,0.0,0.0,2.5,0.0,0.0,2.5,2.5,0.0,High
Lithuanian,Economic History,PG Taught,2.5,2.5,0.0,0.0,0.0,0.0,0.0,0.0,0.0,2.5,0.0,0.0,0.0,0.0,0.0,High
Lithuanian,Economics,UG Degree,11.0,0.0,0.0,11.0,0.0,0.0,9.0,0.0,0.0,9.0,0.0,0.0,7.0,0.0,0.0,High
Lithuanian,Economics,PG Taught,2.5,2.5,0.0,2.5,0.0,0.0,2.5,0.0,0.0,0.0,0.0,0.0,2.5,2.5,0.0,High
Lithuanian,European Institute,PG Taught,2.5,2.5,0.0,2.5,2.5,2.5,2.5,2.5,2.5,2.5,2.5,2.5,0.0,0.0,0.0,Low
Lithuanian,Finance,UG Degree,6.0,2.5,0.0,8.0,2.5,2.5,2.5,2.5,0.0,2.5,0.0,0.0,2.5,0.0,0.0,High
Lithuanian,Finance,PG Taught,0.0,0.0,0.0,7.0,2.5,2.5,5.0,2.5,0.0,2.5,2.5,2.5,2.5,2.5,0.0,High
Lithuanian,Gender Studies,PG Taught,0.0,0.0,0.0,0.0,0.0,0.0,2.5,2.5,2.5,0.0,0.0,0.0,0.0,0.0,0.0,Low
Lithuanian,Geography And Environment,UG Degree,2.5,0.0,0.0,2.5,2.5,2.5,0.0,0.0,0.0,2.5,0.0,0.0,2.5,0.0,0.0,High
Lithuanian,Geography And Environment,PG Taught,2.5,0.0,0.0,2.5,0.0,0.0,2.5,2.5,0.0,8.0,2.5,2.5,2.5,2.5,2.5,High
Lithuanian,Government,UG Degree,11.0,2.5,0.0,13.0,0.0,0.0,9.0,2.5,0.0,6.0,0.0,0.0,10.0,2.5,2.5,High
Lithuanian,Government,PG Taught,2.5,2.5,2.5,2.5,2.5,0.0,2.5,2.5,0.0,2.5,0.0,0.0,2.5,2.5,2.5,High
Lithuanian,Health Policy,PG Taught,0.0,0.0,0.0,2.5,2.5,2.5,2.5,2.5,2.5,2.5,2.5,2.5,2.5,0.0,0.0,High
Lithuanian,International Development,PG Taught,2.5,2.5,0.0,2.5,2.5,0.0,0.0,0.0,0.0,2.5,0.0,0.0,0.0,0.0,0.0,Low
Lithuanian,International History,UG Degree,2.5,0.0,0.0,2.5,2.5,0.0,2.5,0.0,0.0,2.5,2.5,0.0,5.0,2.5,2.5,Low
Lithuanian,International History,PG Taught,0.0,0.0,0.0,0.0,0.0,0.0,0.0,0.0,0.0,2.5,2.5,2.5,0.0,0.0,0.0,Low
Lithuanian,International Relations,UG Degree,6.0,2.5,2.5,2.5,0.0,0.0,2.5,0.0,0.0,2.5,2.5,0.0,2.5,0.0,0.0,Low
Lithuanian,International Relations,PG Taught,2.5,2.5,0.0,2.5,2.5,2.5,2.5,2.5,0.0,2.5,0.0,0.0,2.5,0.0,0.0,Low
Lithuanian,Language Centre,UG Degree,2.5,0.0,0.0,2.5,2.5,2.5,0.0,0.0,0.0,2.5,0.0,0.0,2.5,0.0,0.0,
Lithuanian,Lse Law School,UG Degree,5.0,2.5,2.5,10.0,2.5,2.5,8.0,0.0,0.0,10.0,0.0,0.0,2.5,0.0,0.0,High
Lithuanian,Lse Law School,PG Taught,2.5,0.0,0.0,2.5,2.5,0.0,2.5,0.0,0.0,2.5,2.5,2.5,0.0,0.0,0.0,High
Lithuanian,Management,UG Degree,8.0,2.5,0.0,2.5,0.0,0.0,5.0,2.5,2.5,2.5,0.0,0.0,2.5,2.5,0.0,High
Lithuanian,Management,PG Taught,5.0,2.5,2.5,7.0,2.5,2.5,2.5,2.5,0.0,2.5,2.5,2.5,2.5,0.0,0.0,High
Lithuanian,Mathematics,UG Degree,2.5,2.5,0.0,2.5,0.0,0.0,2.5,0.0,0.0,2.5,0.0,0.0,2.5,2.5,0.0,High
Lithuanian,Mathematics,PG Taught,2.5,2.5,0.0,2.5,2.5,0.0,2.5,0.0,0.0,0.0,0.0,0.0,0.0,0.0,0.0,High
Lithuanian,Media And Communications,PG Taught,2.5,0.0,0.0,2.5,0.0,0.0,2.5,0.0,0.0,0.0,0.0,0.0,2.5,2.5,0.0,Low
Lithuanian,Philosophy Logic And Scientific Method,UG Degree,7.0,0.0,0.0,6.0,0.0,0.0,5.0,0.0,0.0,2.5,2.5,2.5,2.5,0.0,0.0,Low
Lithuanian,Philosophy Logic And Scientific Method,PG Taught,0.0,0.0,0.0,2.5,2.5,0.0,2.5,2.5,0.0,2.5,2.5,0.0,0.0,0.0,0.0,Low
Lithuanian,Psychological And Behavioural Science,UG Degree,2.5,2.5,0.0,2.5,0.0,0.0,0.0,0.0,0.0,2.5,0.0,0.0,2.5,0.0,0.0,Low
Lithuanian,Psychological And Behavioural Science,PG Taught,5.0,2.5,2.5,2.5,0.0,0.0,2.5,0.0,0.0,2.5,2.5,2.5,2.5,2.5,2.5,Low
Lithuanian,Public Policy,PG Taught,2.5,0.0,0.0,0.0,0.0,0.0,0.0,0.0,0.0,0.0,0.0,0.0,0.0,0.0,0.0,
Lithuanian,Social Policy,UG Degree,2.5,2.5,0.0,2.5,2.5,0.0,2.5,0.0,0.0,2.5,0.0,0.0,2.5,0.0,0.0,Low
Lithuanian,Social Policy,PG Taught,2.5,0.0,0.0,2.5,2.5,2.5,2.5,2.5,2.5,0.0,0.0,0.0,2.5,2.5,2.5,Low
Lithuanian,Sociology,UG Degree,2.5,0.0,0.0,2.5,0.0,0.0,0.0,0.0,0.0,0.0,0.0,0.0,2.5,2.5,0.0,Low
Lithuanian,Sociology,PG Taught,0.0,0.0,0.0,2.5,2.5,2.5,2.5,2.5,2.5,2.5,2.5,0.0,0.0,0.0,0.0,Low
Lithuanian,Statistics,UG Degree,2.5,0.0,0.0,2.5,0.0,0.0,2.5,0.0,0.0,2.5,0.0,0.0,2.5,0.0,0.0,High
Lithuanian,Statistics,PG Taught,2.5,2.5,0.0,2.5,0.0,0.0,0.0,0.0,0.0,2.5,0.0,0.0,2.5,0.0,0.0,High
Maltese,Anthropology,UG Degree,0.0,0.0,0.0,0.0,0.0,0.0,0.0,0.0,0.0,0.0,0.0,0.0,2.5,0.0,0.0,Low
Maltese,Economic History,UG Degree,2.5,0.0,0.0,2.5,0.0,0.0,0.0,0.0,0.0,0.0,0.0,0.0,0.0,0.0,0.0,High
Maltese,Economic History,PG Taught,0.0,0.0,0.0,2.5,0.0,0.0,0.0,0.0,0.0,0.0,0.0,0.0,0.0,0.0,0.0,High
Maltese,Economics,UG Degree,0.0,0.0,0.0,0.0,0.0,0.0,0.0,0.0,0.0,2.5,0.0,0.0,2.5,2.5,0.0,High
Maltese,Economics,PG Taught,0.0,0.0,0.0,0.0,0.0,0.0,2.5,2.5,0.0,2.5,2.5,0.0,0.0,0.0,0.0,High
Maltese,European Institute,PG Taught,0.0,0.0,0.0,0.0,0.0,0.0,2.5,2.5,2.5,0.0,0.0,0.0,0.0,0.0,0.0,Low
Maltese,Finance,UG Degree,0.0,0.0,0.0,0.0,0.0,0.0,0.0,0.0,0.0,0.0,0.0,0.0,2.5,2.5,2.5,High
Maltese,Finance,PG Taught,2.5,0.0,0.0,2.5,0.0,0.0,0.0,0.0,0.0,0.0,0.0,0.0,2.5,0.0,0.0,High
Maltese,Geography And Environment,UG Degree,0.0,0.0,0.0,0.0,0.0,0.0,2.5,0.0,0.0,0.0,0.0,0.0,2.5,0.0,0.0,High
Maltese,Geography And Environment,PG Taught,2.5,0.0,0.0,0.0,0.0,0.0,0.0,0.0,0.0,2.5,2.5,2.5,2.5,0.0,0.0,High
Maltese,Government,UG Degree,0.0,0.0,0.0,0.0,0.0,0.0,2.5,0.0,0.0,0.0,0.0,0.0,0.0,0.0,0.0,High
Maltese,Government,PG Taught,0.0,0.0,0.0,0.0,0.0,0.0,2.5,2.5,2.5,2.5,0.0,0.0,2.5,0.0,0.0,High
Maltese,International History,UG Degree,2.5,0.0,0.0,0.0,0.0,0.0,0.0,0.0,0.0,0.0,0.0,0.0,2.5,0.0,0.0,Low
Maltese,International History,PG Taught,0.0,0.0,0.0,0.0,0.0,0.0,2.5,2.5,2.5,0.0,0.0,2.5,2.5,2.5,0.0,Low
Maltese,International Relations,UG Degree,0.0,0.0,0.0,0.0,0.0,0.0,2.5,0.0,0.0,2.5,2.5,2.5,0.0,0.0,0.0,Low
Maltese,International Relations,PG Taught,0.0,0.0,0.0,2.5,0.0,0.0,0.0,0.0,0.0,0.0,0.0,0.0,0.0,0.0,0.0,Low
Maltese,Lse Law School,UG Degree,2.5,2.5,2.5,0.0,0.0,0.0,0.0,0.0,0.0,2.5,0.0,0.0,2.5,0.0,0.0,High
Maltese,Lse Law School,PG Taught,7.0,0.0,0.0,5.0,2.5,0.0,2.5,0.0,0.0,2.5,2.5,2.5,2.5,0.0,0.0,High
Maltese,Management,UG Degree,2.5,2.5,0.0,2.5,0.0,0.0,2.5,0.0,0.0,0.0,0.0,0.0,2.5,0.0,0.0,High
Maltese,Management,PG Taught,2.5,2.5,0.0,2.5,0.0,0.0,6.0,2.5,2.5,0.0,0.0,0.0,2.5,0.0,0.0,High
Maltese,Mathematics,UG Degree,0.0,0.0,0.0,2.5,0.0,0.0,0.0,0.0,0.0,0.0,0.0,0.0,0.0,0.0,0.0,High
Maltese,Mathematics,PG Taught,0.0,0.0,0.0,2.5,2.5,0.0,2.5,0.0,0.0,0.0,0.0,0.0,0.0,0.0,0.0,High
Maltese,Philosophy Logic And Scientific Method,UG Degree,0.0,0.0,0.0,0.0,0.0,0.0,2.5,2.5,2.5,0.0,0.0,0.0,0.0,0.0,0.0,Low
Maltese,Philosophy Logic And Scientific Method,PG Taught,0.0,0.0,0.0,2.5,2.5,2.5,2.5,0.0,0.0,2.5,0.0,0.0,2.5,0.0,0.0,Low
Maltese,Social Policy,UG Degree,0.0,0.0,0.0,0.0,0.0,0.0,2.5,0.0,0.0,2.5,2.5,0.0,2.5,0.0,0.0,Low
Maltese,Social Policy,PG Taught,2.5,0.0,0.0,0.0,0.0,0.0,0.0,0.0,0.0,2.5,0.0,0.0,0.0,0.0,0.0,Low
Maltese,Sociology,UG Degree,0.0,0.0,0.0,0.0,0.0,0.0,2.5,2.5,0.0,0.0,0.0,0.0,0.0,0.0,0.0,Low
Maltese,Sociology,PG Taught,0.0,0.0,0.0,0.0,0.0,0.0,2.5,0.0,0.0,2.5,2.5,0.0,2.5,0.0,0.0,Low
Maltese,Statistics,UG Degree,0.0,0.0,0.0,0.0,0.0,0.0,0.0,0.0,0.0,0.0,0.0,0.0,2.5,0.0,0.0,High
Maltese,Statistics,PG Taught,2.5,0.0,0.0,2.5,0.0,0.0,0.0,0.0,0.0,0.0,0.0,0.0,0.0,0.0,0.0,High
Polish,Accounting,UG Degree,19.0,0.0,2.5,26.0,6.0,5.0,10.0,2.5,2.5,10.0,2.5,0.0,19.0,6.0,2.5,High
Polish,Accounting,PG Taught,2.5,2.5,2.5,5.0,2.5,2.5,2.5,0.0,0.0,7.0,2.5,2.5,5.0,2.5,2.5,High
Polish,Anthropology,UG Degree,12.0,6.0,0.0,2.5,2.5,2.5,11.0,2.5,0.0,2.5,0.0,0.0,10.0,5.0,2.5,Low
Polish,Anthropology,PG Taught,0.0,0.0,0.0,2.5,0.0,0.0,2.5,2.5,2.5,2.5,2.5,2.5,2.5,2.5,2.5,Low
Polish,Economic History,UG Degree,9.0,0.0,0.0,9.0,2.5,2.5,9.0,0.0,0.0,2.5,2.5,0.0,6.0,0.0,0.0,High
Polish,Economic History,PG Taught,2.5,2.5,0.0,2.5,2.5,2.5,2.5,0.0,0.0,2.5,2.5,0.0,2.5,2.5,2.5,High
Polish,Economics,UG Degree,62.0,2.5,2.5,62.0,2.5,2.5,31.0,2.5,2.5,35.0,0.0,0.0,30.0,2.5,2.5,High
Polish,Economics,PG Taught,8.0,2.5,2.5,8.0,2.5,0.0,2.5,0.0,0.0,2.5,2.5,0.0,11.0,2.5,0.0,High
Polish,European Institute,PG Taught,2.5,2.5,2.5,8.0,6.0,6.0,11.0,2.5,5.0,11.0,9.0,2.5,21.0,13.0,10.0,Low
Polish,Finance,UG Degree,14.0,2.5,0.0,11.0,2.5,2.5,11.0,2.5,2.5,9.0,7.0,2.5,12.0,2.5,2.5,High
Polish,Finance,PG Taught,13.0,2.5,2.5,17.0,5.0,2.5,22.0,2.5,2.5,17.0,2.5,2.5,20.0,2.5,2.5,High
Polish,Gender Studies,PG Taught,2.5,2.5,0.0,2.5,2.5,2.5,2.5,2.5,2.5,2.5,2.5,2.5,2.5,2.5,2.5,Low
Polish,Geography And Environment,UG Degree,14.0,5.0,0.0,10.0,5.0,2.5,12.0,0.0,0.0,5.0,2.5,2.5,10.0,2.5,0.0,High
Polish,Geography And Environment,PG Taught,13.0,2.5,2.5,9.0,2.5,2.5,11.0,2.5,0.0,11.0,2.5,0.0,9.0,2.5,2.5,High
Polish,Government,UG Degree,57.0,2.5,2.5,57.0,7.0,2.5,32.0,5.0,2.5,30.0,6.0,2.5,21.0,2.5,2.5,High
Polish,Government,PG Taught,10.0,2.5,0.0,8.0,2.5,2.5,7.0,2.5,2.5,10.0,2.5,2.5,8.0,2.5,2.5,High
Polish,Health Policy,PG Taught,2.5,2.5,0.0,0.0,0.0,0.0,2.5,2.5,2.5,2.5,0.0,0.0,2.5,2.5,2.5,High
Polish,International Development,PG Taught,9.0,2.5,2.5,7.0,2.5,2.5,6.0,2.5,2.5,5.0,2.5,2.5,6.0,2.5,0.0,Low
Polish,International History,UG Degree,20.0,5.0,0.0,5.0,2.5,2.5,9.0,2.5,0.0,19.0,6.0,0.0,11.0,2.5,2.5,Low
Polish,International History,PG Taught,2.5,2.5,2.5,2.5,2.5,2.5,2.5,2.5,2.5,2.5,2.5,2.5,0.0,0.0,0.0,Low
Polish,International Relations,UG Degree,16.0,0.0,0.0,19.0,2.5,2.5,17.0,2.5,0.0,12.0,2.5,0.0,8.0,2.5,0.0,Low
Polish,International Relations,PG Taught,5.0,0.0,0.0,5.0,2.5,2.5,2.5,2.5,2.5,9.0,2.5,2.5,12.0,2.5,2.5,Low
Polish,Language Centre,UG Degree,12.0,2.5,0.0,8.0,2.5,2.5,9.0,2.5,2.5,2.5,2.5,2.5,7.0,2.5,2.5,
Polish,Lse Law School,UG Degree,64.0,10.0,2.5,52.0,11.0,5.0,32.0,2.5,2.5,31.0,8.0,2.5,35.0,11.0,5.0,High
Polish,Lse Law School,PG Taught,16.0,5.0,2.5,10.0,5.0,2.5,9.0,2.5,2.5,12.0,2.5,2.5,8.0,7.0,2.5,High
Polish,Management,UG Degree,50.0,15.0,7.0,46.0,16.0,7.0,34.0,2.5,2.5,27.0,6.0,2.5,22.0,2.5,2.5,High
Polish,Management,PG Taught,20.0,7.0,2.5,34.0,10.0,6.0,21.0,9.0,2.5,22.0,5.0,2.5,24.0,6.0,5.0,High
Polish,Mathematics,UG Degree,24.0,5.0,2.5,17.0,2.5,2.5,14.0,2.5,2.5,8.0,2.5,2.5,11.0,2.5,2.5,High
Polish,Mathematics,PG Taught,2.5,2.5,2.5,2.5,0.0,0.0,2.5,2.5,2.5,5.0,2.5,0.0,2.5,0.0,0.0,High
Polish,Media And Communications,PG Taught,17.0,7.0,5.0,2.5,2.5,0.0,7.0,0.0,0.0,10.0,2.5,2.5,2.5,2.5,0.0,Low
Polish,Methodology,PG Taught,2.5,0.0,0.0,2.5,2.5,2.5,2.5,0.0,0.0,2.5,2.5,2.5,10.0,2.5,2.5,High
Polish,Philosophy Logic And Scientific Method,UG Degree,34.0,7.0,5.0,32.0,6.0,2.5,18.0,2.5,0.0,13.0,2.5,0.0,11.0,2.5,2.5,Low
Polish,Philosophy Logic And Scientific Method,PG Taught,7.0,2.5,2.5,10.0,6.0,2.5,0.0,0.0,0.0,2.5,2.5,0.0,2.5,2.5,2.5,Low
Polish,Psychological And Behavioural Science,UG Degree,2.5,2.5,2.5,13.0,6.0,2.5,11.0,2.5,2.5,6.0,2.5,0.0,11.0,2.5,2.5,Low
Polish,Psychological And Behavioural Science,PG Taught,2.5,0.0,0.0,8.0,5.0,2.5,7.0,2.5,2.5,7.0,2.5,2.5,14.0,6.0,2.5,Low
Polish,Public Policy,PG Taught,5.0,2.5,0.0,2.5,2.5,0.0,2.5,0.0,0.0,0.0,0.0,0.0,5.0,2.5,0.0,
Polish,Social Policy,UG Degree,13.0,2.5,2.5,11.0,5.0,2.5,11.0,2.5,0.0,7.0,2.5,0.0,10.0,2.5,0.0,Low
Polish,Social Policy,PG Taught,6.0,2.5,0.0,2.5,2.5,2.5,5.0,2.5,2.5,0.0,0.0,0.0,2.5,2.5,2.5,Low
Polish,Sociology,UG Degree,7.0,2.5,2.5,11.0,7.0,2.5,2.5,2.5,2.5,5.0,0.0,0.0,6.0,2.5,0.0,Low
Polish,Sociology,PG Taught,7.0,5.0,2.5,6.0,2.5,2.5,2.5,2.5,0.0,10.0,6.0,5.0,2.5,2.5,2.5,Low
Polish,Statistics,UG Degree,19.0,7.0,2.5,13.0,2.5,2.5,25.0,2.5,2.5,12.0,2.5,2.5,10.0,2.5,2.5,High
Polish,Statistics,PG Taught,2.5,0.0,0.0,7.0,2.5,2.5,6.0,2.5,0.0,9.0,2.5,2.5,8.0,2.5,2.5,High
Portuguese,Accounting,UG Degree,5.0,2.5,2.5,11.0,2.5,2.5,13.0,2.5,2.5,6.0,2.5,0.0,16.0,2.5,2.5,High
Portuguese,Accounting,PG Taught,2.5,2.5,2.5,5.0,2.5,2.5,5.0,2.5,2.5,2.5,0.0,0.0,2.5,2.5,2.5,High
Portuguese,Anthropology,UG Degree,2.5,2.5,2.5,5.0,2.5,0.0,2.5,0.0,0.0,2.5,2.5,0.0,2.5,0.0,0.0,Low
Portuguese,Anthropology,PG Taught,0.0,0.0,0.0,2.5,0.0,0.0,0.0,0.0,0.0,2.5,2.5,0.0,2.5,0.0,0.0,Low
Portuguese,Economic History,UG Degree,2.5,2.5,2.5,5.0,2.5,2.5,11.0,0.0,0.0,6.0,2.5,0.0,2.5,2.5,2.5,High
Portuguese,Economic History,PG Taught,2.5,2.5,2.5,2.5,0.0,0.0,2.5,2.5,0.0,2.5,2.5,0.0,2.5,2.5,0.0,High
Portuguese,Economics,UG Degree,17.0,0.0,0.0,27.0,2.5,2.5,20.0,0.0,0.0,19.0,0.0,0.0,21.0,2.5,0.0,High
Portuguese,Economics,PG Taught,8.0,2.5,2.5,6.0,2.5,0.0,12.0,2.5,0.0,9.0,2.5,2.5,8.0,5.0,2.5,High
Portuguese,European Institute,PG Taught,5.0,2.5,2.5,5.0,2.5,2.5,2.5,0.0,0.0,6.0,2.5,2.5,2.5,0.0,2.5,Low
Portuguese,Finance,UG Degree,2.5,2.5,0.0,2.5,2.5,2.5,2.5,0.0,0.0,2.5,0.0,0.0,2.5,2.5,2.5,High
Portuguese,Finance,PG Taught,11.0,2.5,2.5,15.0,2.5,2.5,22.0,2.5,2.5,23.0,2.5,2.5,21.0,5.0,5.0,High
Portuguese,Gender Studies,PG Taught,2.5,2.5,2.5,2.5,0.0,0.0,2.5,0.0,0.0,2.5,2.5,2.5,2.5,2.5,2.5,Low
Portuguese,Geography And Environment,UG Degree,7.0,2.5,2.5,5.0,2.5,0.0,2.5,0.0,0.0,2.5,2.5,0.0,0.0,0.0,0.0,High
Portuguese,Geography And Environment,PG Taught,2.5,2.5,2.5,5.0,0.0,0.0,2.5,0.0,0.0,2.5,0.0,0.0,6.0,0.0,0.0,High
Portuguese,Government,UG Degree,12.0,2.5,0.0,12.0,2.5,0.0,13.0,0.0,0.0,19.0,0.0,0.0,9.0,2.5,0.0,High
Portuguese,Government,PG Taught,10.0,2.5,2.5,12.0,2.5,2.5,12.0,2.5,2.5,10.0,2.5,2.5,7.0,2.5,0.0,High
Portuguese,Health Policy,PG Taught,0.0,0.0,0.0,2.5,2.5,2.5,2.5,2.5,0.0,2.5,2.5,2.5,2.5,2.5,2.5,High
Portuguese,International Development,PG Taught,10.0,2.5,2.5,11.0,2.5,2.5,6.0,2.5,2.5,7.0,2.5,0.0,10.0,2.5,2.5,Low
Portuguese,International History,UG Degree,2.5,2.5,2.5,6.0,2.5,2.5,2.5,2.5,2.5,6.0,2.5,2.5,2.5,2.5,2.5,Low
Portuguese,International History,PG Taught,5.0,2.5,2.5,2.5,0.0,0.0,0.0,0.0,0.0,2.5,0.0,0.0,2.5,2.5,2.5,Low
Portuguese,International Relations,UG Degree,8.0,2.5,2.5,2.5,0.0,0.0,7.0,0.0,0.0,5.0,2.5,2.5,6.0,2.5,0.0,Low
Portuguese,International Relations,PG Taught,7.0,2.5,2.5,8.0,2.5,2.5,7.0,2.5,2.5,6.0,2.5,2.5,2.5,0.0,0.0,Low
Portuguese,Language Centre,UG Degree,2.5,0.0,0.0,2.5,0.0,0.0,2.5,0.0,0.0,0.0,0.0,0.0,2.5,0.0,0.0,
Portuguese,Lse Law School,UG Degree,8.0,2.5,2.5,9.0,0.0,0.0,13.0,0.0,0.0,16.0,2.5,2.5,9.0,0.0,0.0,High
Portuguese,Lse Law School,PG Taught,15.0,7.0,2.5,11.0,2.5,2.5,13.0,2.5,2.5,10.0,5.0,2.5,5.0,2.5,2.5,High
Portuguese,Management,UG Degree,14.0,2.5,0.0,19.0,2.5,2.5,23.0,0.0,0.0,23.0,2.5,0.0,11.0,2.5,0.0,High
Portuguese,Management,PG Taught,22.0,8.0,2.5,31.0,10.0,8.0,27.0,6.0,5.0,21.0,2.5,2.5,24.0,6.0,2.5,High
Portuguese,Mathematics,UG Degree,2.5,2.5,0.0,8.0,2.5,0.0,5.0,2.5,0.0,2.5,0.0,0.0,6.0,2.5,0.0,High
Portuguese,Mathematics,PG Taught,2.5,2.5,2.5,2.5,2.5,0.0,2.5,0.0,0.0,2.5,0.0,0.0,2.5,0.0,0.0,High
Portuguese,Media And Communications,PG Taught,2.5,0.0,0.0,2.5,2.5,2.5,5.0,2.5,2.5,2.5,0.0,0.0,5.0,2.5,2.5,Low
Portuguese,Methodology,PG Taught,0.0,0.0,0.0,0.0,0.0,0.0,0.0,0.0,0.0,2.5,0.0,0.0,2.5,0.0,0.0,High
Portuguese,Philosophy Logic And Scientific Method,UG Degree,9.0,2.5,0.0,13.0,2.5,2.5,9.0,2.5,2.5,2.5,2.5,2.5,2.5,0.0,0.0,Low
Portuguese,Philosophy Logic And Scientific Method,PG Taught,2.5,2.5,0.0,2.5,2.5,2.5,2.5,2.5,0.0,2.5,2.5,0.0,2.5,0.0,0.0,Low
Portuguese,Psychological And Behavioural Science,UG Degree,2.5,0.0,0.0,0.0,0.0,0.0,2.5,2.5,0.0,2.5,0.0,0.0,2.5,2.5,2.5,Low
Portuguese,Psychological And Behavioural Science,PG Taught,7.0,2.5,2.5,0.0,0.0,0.0,2.5,2.5,0.0,2.5,0.0,0.0,2.5,2.5,2.5,Low
Portuguese,Public Policy,PG Taught,2.5,0.0,0.0,0.0,0.0,0.0,2.5,0.0,0.0,2.5,2.5,2.5,2.5,2.5,2.5,
Portuguese,Social Policy,UG Degree,8.0,2.5,2.5,2.5,2.5,2.5,2.5,0.0,0.0,2.5,2.5,2.5,2.5,0.0,0.0,Low
Portuguese,Social Policy,PG Taught,2.5,2.5,0.0,5.0,2.5,0.0,2.5,2.5,0.0,0.0,0.0,0.0,2.5,0.0,0.0,Low
Portuguese,Sociology,UG Degree,2.5,2.5,0.0,2.5,2.5,2.5,0.0,0.0,0.0,2.5,2.5,2.5,2.5,0.0,0.0,Low
Portuguese,Sociology,PG Taught,6.0,2.5,2.5,8.0,2.5,2.5,6.0,2.5,2.5,2.5,2.5,0.0,5.0,2.5,2.5,Low
Portuguese,Statistics,UG Degree,2.5,0.0,0.0,2.5,0.0,0.0,5.0,2.5,2.5,5.0,0.0,0.0,2.5,2.5,0.0,High
Portuguese,Statistics,PG Taught,2.5,0.0,0.0,2.5,0.0,2.5,2.5,2.5,0.0,6.0,2.5,0.0,10.0,2.5,2.5,High
Romanian,Accounting,UG Degree,12.0,2.5,0.0,11.0,0.0,0.0,11.0,0.0,0.0,10.0,2.5,2.5,14.0,2.5,2.5,High
Romanian,Accounting,PG Taught,2.5,0.0,0.0,2.5,2.5,2.5,2.5,2.5,0.0,2.5,0.0,0.0,0.0,0.0,0.0,High
Romanian,Anthropology,UG Degree,2.5,0.0,0.0,5.0,2.5,2.5,2.5,0.0,0.0,6.0,2.5,0.0,2.5,0.0,0.0,Low
Romanian,Anthropology,PG Taught,0.0,0.0,0.0,0.0,0.0,0.0,2.5,2.5,2.5,0.0,0.0,0.0,0.0,0.0,0.0,Low
Romanian,Economic History,UG Degree,2.5,2.5,2.5,2.5,0.0,0.0,9.0,2.5,2.5,9.0,0.0,0.0,2.5,0.0,2.5,High
Romanian,Economic History,PG Taught,2.5,0.0,0.0,0.0,0.0,0.0,2.5,0.0,0.0,0.0,0.0,0.0,2.5,2.5,2.5,High
Romanian,Economics,UG Degree,24.0,0.0,0.0,33.0,2.5,0.0,27.0,2.5,2.5,29.0,2.5,2.5,20.0,0.0,0.0,High
Romanian,Economics,PG Taught,2.5,0.0,0.0,2.5,0.0,0.0,2.5,2.5,2.5,5.0,2.5,0.0,6.0,2.5,0.0,High
Romanian,European Institute,PG Taught,7.0,2.5,2.5,2.5,2.5,2.5,2.5,2.5,2.5,9.0,7.0,2.5,2.5,2.5,0.0,Low
Romanian,Finance,UG Degree,7.0,0.0,0.0,10.0,2.5,2.5,10.0,0.0,0.0,6.0,2.5,0.0,8.0,0.0,0.0,High
Romanian,Finance,PG Taught,11.0,2.5,2.5,6.0,0.0,0.0,5.0,0.0,0.0,9.0,2.5,2.5,8.0,2.5,2.5,High
Romanian,Gender Studies,PG Taught,2.5,2.5,2.5,0.0,0.0,0.0,0.0,0.0,0.0,2.5,0.0,0.0,2.5,2.5,0.0,Low
Romanian,Geography And Environment,UG Degree,2.5,2.5,0.0,2.5,2.5,2.5,2.5,0.0,0.0,2.5,0.0,0.0,2.5,0.0,0.0,High
Romanian,Geography And Environment,PG Taught,2.5,2.5,2.5,2.5,0.0,0.0,11.0,2.5,2.5,6.0,0.0,0.0,5.0,0.0,0.0,High
Romanian,Government,UG Degree,24.0,2.5,2.5,25.0,2.5,2.5,14.0,2.5,2.5,21.0,2.5,2.5,17.0,2.5,2.5,High
Romanian,Government,PG Taught,6.0,2.5,0.0,6.0,2.5,2.5,5.0,2.5,2.5,7.0,2.5,2.5,9.0,5.0,2.5,High
Romanian,Health Policy,PG Taught,2.5,2.5,2.5,2.5,2.5,2.5,2.5,2.5,2.5,2.5,0.0,0.0,6.0,5.0,2.5,High
Romanian,International Development,PG Taught,6.0,2.5,2.5,5.0,2.5,2.5,5.0,2.5,2.5,2.5,0.0,0.0,2.5,0.0,0.0,Low
Romanian,International History,UG Degree,2.5,2.5,2.5,2.5,2.5,2.5,2.5,0.0,0.0,2.5,0.0,0.0,8.0,2.5,0.0,Low
Romanian,International History,PG Taught,2.5,2.5,0.0,2.5,0.0,0.0,2.5,2.5,2.5,2.5,0.0,0.0,0.0,0.0,0.0,Low
Romanian,International Relations,UG Degree,2.5,0.0,0.0,6.0,0.0,0.0,6.0,2.5,2.5,2.5,2.5,0.0,7.0,2.5,2.5,Low
Romanian,International Relations,PG Taught,7.0,2.5,0.0,7.0,2.5,2.5,2.5,2.5,2.5,5.0,2.5,0.0,2.5,2.5,2.5,Low
Romanian,Language Centre,UG Degree,5.0,0.0,0.0,2.5,2.5,0.0,2.5,0.0,0.0,2.5,0.0,0.0,2.5,2.5,0.0,
Romanian,Lse Law School,UG Degree,26.0,2.5,0.0,30.0,2.5,0.0,16.0,0.0,0.0,29.0,6.0,2.5,24.0,6.0,2.5,High
Romanian,Lse Law School,PG Taught,10.0,2.5,2.5,8.0,5.0,2.5,2.5,2.5,2.5,2.5,2.5,0.0,7.0,5.0,2.5,High
Romanian,Management,UG Degree,23.0,2.5,0.0,35.0,2.5,2.5,12.0,2.5,2.5,12.0,2.5,2.5,19.0,2.5,2.5,High
Romanian,Management,PG Taught,12.0,2.5,2.5,6.0,2.5,0.0,11.0,2.5,2.5,15.0,6.0,2.5,5.0,2.5,0.0,High
Romanian,Mathematics,UG Degree,11.0,2.5,2.5,13.0,2.5,2.5,8.0,0.0,0.0,6.0,2.5,0.0,11.0,2.5,0.0,High
Romanian,Mathematics,PG Taught,2.5,2.5,2.5,2.5,0.0,0.0,2.5,0.0,0.0,2.5,0.0,0.0,2.5,2.5,0.0,High
Romanian,Media And Communications,PG Taught,2.5,0.0,0.0,2.5,2.5,0.0,2.5,2.5,0.0,2.5,2.5,2.5,2.5,2.5,2.5,Low
Romanian,Methodology,PG Taught,2.5,0.0,0.0,2.5,0.0,0.0,2.5,0.0,0.0,2.5,0.0,0.0,0.0,0.0,0.0,High
Romanian,Philosophy Logic And Scientific Method,UG Degree,15.0,2.5,0.0,21.0,2.5,2.5,17.0,2.5,2.5,15.0,2.5,2.5,7.0,2.5,2.5,Low
Romanian,Philosophy Logic And Scientific Method,PG Taught,0.0,0.0,0.0,0.0,0.0,0.0,2.5,0.0,0.0,2.5,2.5,2.5,2.5,2.5,2.5,Low
Romanian,Psychological And Behavioural Science,UG Degree,2.5,2.5,0.0,2.5,0.0,0.0,2.5,0.0,0.0,2.5,2.5,0.0,5.0,0.0,0.0,Low
Romanian,Psychological And Behavioural Science,PG Taught,2.5,2.5,0.0,2.5,2.5,2.5,6.0,2.5,2.5,2.5,2.5,2.5,5.0,2.5,2.5,Low
Romanian,Public Policy,PG Taught,2.5,0.0,0.0,2.5,2.5,0.0,0.0,0.0,0.0,0.0,0.0,0.0,0.0,0.0,0.0,
Romanian,Social Policy,UG Degree,10.0,2.5,0.0,5.0,0.0,0.0,2.5,0.0,0.0,2.5,2.5,0.0,6.0,2.5,0.0,Low
Romanian,Social Policy,PG Taught,9.0,2.5,2.5,2.5,2.5,2.5,2.5,2.5,2.5,2.5,2.5,2.5,6.0,2.5,0.0,Low
Romanian,Sociology,UG Degree,2.5,0.0,0.0,2.5,2.5,0.0,2.5,0.0,0.0,0.0,0.0,0.0,2.5,2.5,0.0,Low
Romanian,Sociology,PG Taught,7.0,2.5,2.5,5.0,2.5,0.0,5.0,2.5,2.5,5.0,2.5,2.5,2.5,0.0,0.0,Low
Romanian,Statistics,UG Degree,7.0,0.0,0.0,5.0,0.0,0.0,2.5,2.5,0.0,2.5,0.0,0.0,13.0,2.5,2.5,High
Romanian,Statistics,PG Taught,2.5,0.0,0.0,2.5,0.0,0.0,2.5,2.5,0.0,2.5,0.0,0.0,5.0,2.5,0.0,High
Slovak,Accounting,UG Degree,2.5,2.5,0.0,0.0,0.0,0.0,2.5,2.5,0.0,2.5,0.0,0.0,0.0,0.0,0.0,High
Slovak,Accounting,PG Taught,0.0,0.0,0.0,2.5,0.0,0.0,0.0,0.0,0.0,2.5,2.5,2.5,0.0,0.0,0.0,High
Slovak,Anthropology,UG Degree,0.0,0.0,0.0,0.0,0.0,0.0,0.0,0.0,0.0,2.5,0.0,0.0,2.5,0.0,0.0,Low
Slovak,Anthropology,PG Taught,2.5,2.5,2.5,2.5,2.5,0.0,0.0,0.0,0.0,0.0,0.0,0.0,0.0,0.0,0.0,Low
Slovak,Economic History,UG Degree,0.0,0.0,0.0,2.5,0.0,0.0,0.0,0.0,0.0,2.5,0.0,0.0,0.0,0.0,0.0,High
Slovak,Economics,UG Degree,7.0,0.0,0.0,9.0,0.0,0.0,5.0,0.0,0.0,2.5,0.0,0.0,2.5,0.0,0.0,High
Slovak,Economics,PG Taught,2.5,0.0,0.0,2.5,2.5,2.5,2.5,2.5,2.5,0.0,0.0,0.0,0.0,0.0,0.0,High
Slovak,European Institute,PG Taught,10.0,2.5,2.5,6.0,2.5,2.5,2.5,2.5,2.5,0.0,0.0,0.0,2.5,2.5,2.5,Low
Slovak,Finance,UG Degree,2.5,2.5,2.5,2.5,2.5,0.0,2.5,0.0,0.0,2.5,2.5,0.0,2.5,0.0,0.0,High
Slovak,Finance,PG Taught,2.5,0.0,0.0,7.0,2.5,2.5,0.0,0.0,0.0,5.0,2.5,0.0,2.5,0.0,0.0,High
Slovak,Gender Studies,PG Taught,0.0,0.0,0.0,2.5,0.0,0.0,2.5,0.0,0.0,2.5,0.0,0.0,2.5,0.0,0.0,Low
Slovak,Geography And Environment,UG Degree,2.5,0.0,0.0,0.0,0.0,0.0,0.0,0.0,0.0,2.5,2.5,0.0,2.5,0.0,0.0,High
Slovak,Geography And Environment,PG Taught,2.5,2.5,0.0,2.5,2.5,2.5,2.5,2.5,2.5,2.5,0.0,0.0,0.0,0.0,0.0,High
Slovak,Government,UG Degree,6.0,0.0,0.0,13.0,0.0,0.0,2.5,0.0,0.0,2.5,2.5,0.0,2.5,2.5,2.5,High
Slovak,Government,PG Taught,2.5,2.5,0.0,2.5,2.5,0.0,2.5,0.0,0.0,0.0,0.0,0.0,2.5,0.0,0.0,High
Slovak,International Development,PG Taught,0.0,0.0,0.0,2.5,2.5,0.0,0.0,0.0,0.0,2.5,0.0,0.0,2.5,2.5,2.5,Low
Slovak,International History,UG Degree,0.0,0.0,0.0,2.5,0.0,0.0,2.5,2.5,0.0,2.5,2.5,0.0,2.5,0.0,0.0,Low
Slovak,International History,PG Taught,0.0,0.0,0.0,0.0,0.0,0.0,0.0,0.0,0.0,2.5,0.0,0.0,0.0,0.0,0.0,Low
Slovak,International Relations,UG Degree,2.5,0.0,0.0,10.0,0.0,0.0,2.5,0.0,0.0,5.0,0.0,0.0,2.5,0.0,0.0,Low
Slovak,International Relations,PG Taught,2.5,2.5,2.5,2.5,2.5,2.5,2.5,2.5,0.0,2.5,2.5,0.0,2.5,0.0,0.0,Low
Slovak,Language Centre,UG Degree,2.5,2.5,2.5,2.5,2.5,0.0,0.0,0.0,0.0,0.0,0.0,0.0,2.5,0.0,0.0,
Slovak,Lse Law School,UG Degree,2.5,0.0,0.0,2.5,2.5,0.0,2.5,0.0,0.0,2.5,0.0,0.0,11.0,0.0,0.0,High
Slovak,Lse Law School,PG Taught,2.5,2.5,2.5,2.5,2.5,0.0,2.5,2.5,2.5,2.5,2.5,2.5,2.5,2.5,2.5,High
Slovak,Management,UG Degree,7.0,0.0,0.0,2.5,0.0,0.0,2.5,0.0,0.0,0.0,0.0,0.0,2.5,0.0,0.0,High
Slovak,Management,PG Taught,2.5,0.0,0.0,6.0,2.5,2.5,2.5,2.5,2.5,2.5,2.5,2.5,2.5,2.5,0.0,High
Slovak,Mathematics,UG Degree,0.0,0.0,0.0,2.5,2.5,2.5,2.5,2.5,2.5,0.0,0.0,0.0,2.5,0.0,0.0,High
Slovak,Mathematics,PG Taught,0.0,0.0,0.0,2.5,2.5,0.0,0.0,0.0,0.0,0.0,0.0,0.0,0.0,0.0,0.0,High
Slovak,Media And Communications,PG Taught,2.5,2.5,2.5,0.0,0.0,0.0,2.5,2.5,2.5,2.5,2.5,0.0,2.5,2.5,2.5,Low
Slovak,Methodology,PG Taught,0.0,0.0,0.0,0.0,0.0,0.0,2.5,2.5,0.0,2.5,0.0,0.0,2.5,0.0,0.0,High
Slovak,Philosophy Logic And Scientific Method,UG Degree,5.0,2.5,0.0,2.5,0.0,0.0,2.5,0.0,0.0,0.0,0.0,0.0,2.5,0.0,0.0,Low
Slovak,Philosophy Logic And Scientific Method,PG Taught,2.5,0.0,0.0,2.5,2.5,2.5,0.0,0.0,0.0,0.0,0.0,0.0,0.0,0.0,0.0,Low
Slovak,Psychological And Behavioural Science,UG Degree,2.5,0.0,0.0,2.5,2.5,2.5,0.0,0.0,0.0,0.0,0.0,0.0,2.5,0.0,0.0,Low
Slovak,Psychological And Behavioural Science,PG Taught,2.5,2.5,2.5,2.5,2.5,0.0,2.5,2.5,0.0,0.0,0.0,0.0,0.0,0.0,0.0,Low
Slovak,Public Policy,PG Taught,0.0,0.0,0.0,2.5,2.5,0.0,0.0,0.0,0.0,2.5,2.5,0.0,2.5,2.5,2.5,
Slovak,Social Policy,UG Degree,2.5,2.5,0.0,2.5,0.0,0.0,0.0,0.0,0.0,2.5,0.0,0.0,2.5,0.0,0.0,Low
Slovak,Social Policy,PG Taught,0.0,0.0,0.0,0.0,0.0,0.0,2.5,0.0,0.0,2.5,2.5,2.5,2.5,2.5,2.5,Low
Slovak,Sociology,UG Degree,0.0,0.0,0.0,2.5,0.0,0.0,0.0,0.0,0.0,0.0,0.0,0.0,0.0,0.0,0.0,Low
Slovak,Sociology,PG Taught,2.5,2.5,2.5,2.5,0.0,0.0,2.5,0.0,0.0,2.5,2.5,2.5,2.5,0.0,0.0,Low
Slovak,Statistics,UG Degree,0.0,0.0,0.0,2.5,0.0,0.0,2.5,0.0,0.0,0.0,0.0,0.0,0.0,0.0,0.0,High
Slovak,Statistics,PG Taught,0.0,0.0,0.0,2.5,0.0,0.0,0.0,0.0,0.0,0.0,0.0,0.0,5.0,2.5,2.5,High
Spanish,Accounting,UG Degree,11.0,2.5,2.5,14.0,2.5,2.5,16.0,2.5,0.0,12.0,2.5,2.5,26.0,2.5,2.5,High
Spanish,Accounting,PG Taught,2.5,0.0,0.0,2.5,0.0,0.0,10.0,2.5,2.5,6.0,2.5,2.5,2.5,2.5,2.5,High
Spanish,Anthropology,UG Degree,6.0,0.0,0.0,13.0,2.5,2.5,2.5,0.0,0.0,8.0,0.0,0.0,6.0,0.0,0.0,Low
Spanish,Anthropology,PG Taught,2.5,2.5,0.0,6.0,5.0,2.5,2.5,2.5,2.5,2.5,2.5,2.5,2.5,2.5,0.0,Low
Spanish,Economic History,UG Degree,6.0,0.0,2.5,7.0,0.0,0.0,12.0,0.0,0.0,9.0,0.0,0.0,11.0,2.5,2.5,High
Spanish,Economic History,PG Taught,2.5,2.5,2.5,7.0,2.5,2.5,5.0,2.5,2.5,2.5,2.5,0.0,9.0,2.5,2.5,High
Spanish,Economics,UG Degree,46.0,2.5,0.0,49.0,2.5,0.0,58.0,2.5,2.5,40.0,2.5,2.5,48.0,2.5,2.5,High
Spanish,Economics,PG Taught,17.0,6.0,6.0,36.0,17.0,8.0,32.0,8.0,2.5,23.0,8.0,2.5,15.0,8.0,2.5,High
Spanish,European Institute,PG Taught,21.0,11.0,6.0,32.0,20.0,13.0,20.0,12.0,8.0,21.0,14.0,11.0,24.0,13.0,7.0,Low
Spanish,Finance,UG Degree,6.0,2.5,2.5,10.0,2.5,2.5,14.0,0.0,0.0,15.0,2.5,2.5,15.0,2.5,0.0,High
Spanish,Finance,PG Taught,25.0,5.0,2.5,28.0,2.5,2.5,34.0,7.0,2.5,26.0,6.0,2.5,29.0,2.5,2.5,High
Spanish,Gender Studies,PG Taught,2.5,0.0,0.0,20.0,11.0,6.0,12.0,8.0,5.0,2.5,2.5,2.5,2.5,2.5,2.5,Low
Spanish,Geography And Environment,UG Degree,12.0,2.5,2.5,9.0,5.0,2.5,11.0,2.5,2.5,8.0,2.5,0.0,8.0,2.5,0.0,High
Spanish,Geography And Environment,PG Taught,15.0,5.0,5.0,22.0,9.0,2.5,22.0,8.0,2.5,33.0,15.0,10.0,20.0,7.0,7.0,High
Spanish,Government,UG Degree,48.0,2.5,0.0,59.0,2.5,2.5,59.0,2.5,2.5,40.0,2.5,2.5,41.0,5.0,2.5,High
Spanish,Government,PG Taught,22.0,5.0,2.5,30.0,8.0,2.5,21.0,6.0,2.5,23.0,10.0,6.0,13.0,9.0,2.5,High
Spanish,Health Policy,PG Taught,2.5,2.5,2.5,2.5,2.5,2.5,2.5,2.5,2.5,2.5,2.5,2.5,6.0,2.5,2.5,High
Spanish,International Development,PG Taught,28.0,2.5,2.5,27.0,12.0,8.0,21.0,8.0,7.0,25.0,10.0,11.0,32.0,13.0,9.0,Low
Spanish,International History,UG Degree,12.0,2.5,2.5,7.0,5.0,2.5,7.0,2.5,0.0,17.0,2.5,0.0,9.0,2.5,0.0,Low
Spanish,International History,PG Taught,9.0,2.5,2.5,6.0,2.5,2.5,5.0,2.5,0.0,2.5,2.5,2.5,7.0,5.0,2.5,Low
Spanish,International Relations,UG Degree,30.0,2.5,0.0,28.0,2.5,2.5,19.0,2.5,0.0,9.0,0.0,0.0,19.0,2.5,2.5,Low
Spanish,International Relations,PG Taught,26.0,8.0,6.0,16.0,5.0,6.0,18.0,5.0,2.5,13.0,2.5,2.5,15.0,7.0,5.0,Low
Spanish,Language Centre,UG Degree,9.0,2.5,2.5,8.0,2.5,2.5,5.0,2.5,2.5,7.0,2.5,0.0,2.5,0.0,0.0,
Spanish,Lse Law School,UG Degree,18.0,2.5,2.5,16.0,2.5,2.5,26.0,2.5,0.0,20.0,2.5,0.0,22.0,2.5,0.0,High
Spanish,Lse Law School,PG Taught,25.0,5.0,2.5,17.0,8.0,5.0,12.0,2.5,2.5,20.0,6.0,2.5,13.0,5.0,2.5,High
Spanish,Management,UG Degree,43.0,7.0,2.5,40.0,7.0,5.0,61.0,2.5,2.5,66.0,5.0,2.5,35.0,2.5,2.5,High
Spanish,Management,PG Taught,40.0,11.0,6.0,37.0,8.0,6.0,31.0,9.0,2.5,30.0,9.0,5.0,28.0,7.0,2.5,High
Spanish,Mathematics,UG Degree,20.0,2.5,2.5,29.0,7.0,2.5,22.0,2.5,2.5,23.0,2.5,2.5,22.0,2.5,0.0,High
Spanish,Mathematics,PG Taught,2.5,0.0,0.0,13.0,2.5,2.5,11.0,5.0,2.5,10.0,2.5,0.0,13.0,6.0,2.5,High
Spanish,Media And Communications,PG Taught,11.0,2.5,2.5,16.0,5.0,2.5,6.0,2.5,0.0,8.0,5.0,2.5,6.0,2.5,2.5,Low
Spanish,Methodology,PG Taught,8.0,2.5,2.5,6.0,2.5,0.0,5.0,2.5,2.5,11.0,2.5,2.5,2.5,2.5,2.5,High
Spanish,Philosophy Logic And Scientific Method,UG Degree,26.0,5.0,2.5,28.0,2.5,2.5,44.0,2.5,2.5,28.0,2.5,2.5,25.0,0.0,0.0,Low
Spanish,Philosophy Logic And Scientific Method,PG Taught,8.0,2.5,2.5,7.0,2.5,2.5,7.0,2.5,0.0,10.0,5.0,2.5,2.5,2.5,2.5,Low
Spanish,Psychological And Behavioural Science,UG Degree,5.0,2.5,0.0,2.5,2.5,0.0,6.0,0.0,0.0,5.0,2.5,2.5,7.0,2.5,2.5,Low
Spanish,Psychological And Behavioural Science,PG Taught,2.5,0.0,0.0,11.0,2.5,2.5,8.0,2.5,2.5,7.0,2.5,2.5,2.5,2.5,2.5,Low
Spanish,Public Policy,PG Taught,6.0,2.5,2.5,8.0,2.5,2.5,12.0,9.0,2.5,10.0,2.5,2.5,5.0,2.5,2.5,
Spanish,Social Policy,UG Degree,14.0,2.5,2.5,9.0,2.5,2.5,12.0,0.0,0.0,11.0,0.0,0.0,8.0,2.5,2.5,Low
Spanish,Social Policy,PG Taught,15.0,2.5,2.5,8.0,2.5,2.5,14.0,7.0,2.5,2.5,0.0,0.0,2.5,2.5,2.5,Low
Spanish,Sociology,UG Degree,5.0,2.5,2.5,2.5,0.0,0.0,0.0,0.0,0.0,2.5,2.5,2.5,5.0,2.5,0.0,Low
Spanish,Sociology,PG Taught,21.0,9.0,7.0,22.0,10.0,8.0,17.0,9.0,5.0,15.0,8.0,2.5,15.0,5.0,2.5,Low
Spanish,Statistics,UG Degree,12.0,2.5,2.5,13.0,2.5,2.5,25.0,2.5,2.5,18.0,2.5,2.5,21.0,2.5,2.5,High
Spanish,Statistics,PG Taught,2.5,2.5,0.0,13.0,6.0,2.5,17.0,2.5,2.5,10.0,2.5,2.5,5.0,0.0,0.0,High
Swedish,Accounting,UG Degree,7.0,0.0,0.0,8.0,2.5,2.5,2.5,0.0,0.0,2.5,0.0,0.0,5.0,0.0,0.0,High
Swedish,Accounting,PG Taught,2.5,2.5,2.5,9.0,2.5,2.5,2.5,2.5,2.5,2.5,0.0,0.0,2.5,2.5,2.5,High
Swedish,Anthropology,UG Degree,6.0,2.5,2.5,2.5,0.0,0.0,2.5,0.0,0.0,2.5,2.5,2.5,0.0,0.0,0.0,Low
Swedish,Anthropology,PG Taught,0.0,0.0,0.0,0.0,0.0,0.0,0.0,0.0,0.0,2.5,2.5,0.0,2.5,0.0,0.0,Low
Swedish,Economic History,UG Degree,5.0,2.5,2.5,2.5,0.0,0.0,5.0,0.0,0.0,5.0,2.5,0.0,2.5,0.0,0.0,High
Swedish,Economic History,PG Taught,2.5,0.0,0.0,0.0,0.0,0.0,0.0,0.0,0.0,2.5,2.5,2.5,2.5,2.5,2.5,High
Swedish,Economics,UG Degree,10.0,2.5,0.0,14.0,2.5,2.5,14.0,0.0,0.0,15.0,0.0,0.0,13.0,0.0,0.0,High
Swedish,Economics,PG Taught,5.0,2.5,0.0,7.0,2.5,2.5,6.0,2.5,2.5,0.0,0.0,0.0,10.0,6.0,2.5,High
Swedish,European Institute,PG Taught,5.0,2.5,2.5,2.5,2.5,0.0,12.0,5.0,2.5,2.5,2.5,2.5,5.0,2.5,2.5,Low
Swedish,Finance,UG Degree,2.5,0.0,0.0,5.0,2.5,2.5,2.5,0.0,0.0,2.5,2.5,2.5,6.0,0.0,0.0,High
Swedish,Finance,PG Taught,15.0,2.5,0.0,14.0,5.0,2.5,14.0,5.0,2.5,8.0,2.5,2.5,17.0,2.5,2.5,High
Swedish,Gender Studies,PG Taught,11.0,2.5,2.5,2.5,2.5,2.5,2.5,2.5,2.5,2.5,2.5,2.5,0.0,0.0,0.0,Low
Swedish,Geography And Environment,UG Degree,9.0,2.5,2.5,8.0,0.0,0.0,5.0,0.0,0.0,2.5,2.5,0.0,0.0,0.0,0.0,High
Swedish,Geography And Environment,PG Taught,10.0,5.0,2.5,14.0,6.0,2.5,9.0,2.5,0.0,11.0,5.0,2.5,12.0,2.5,2.5,High
Swedish,Government,UG Degree,26.0,2.5,2.5,22.0,2.5,2.5,21.0,2.5,0.0,23.0,0.0,0.0,11.0,2.5,2.5,High
Swedish,Government,PG Taught,9.0,2.5,2.5,5.0,2.5,2.5,11.0,2.5,2.5,5.0,2.5,2.5,6.0,2.5,2.5,High
Swedish,Health Policy,PG Taught,2.5,2.5,2.5,2.5,2.5,2.5,0.0,0.0,0.0,0.0,0.0,0.0,0.0,0.0,0.0,High
Swedish,International Development,PG Taught,11.0,2.5,2.5,9.0,2.5,2.5,2.5,2.5,2.5,2.5,2.5,2.5,6.0,2.5,2.5,Low
Swedish,International History,UG Degree,2.5,2.5,0.0,7.0,2.5,2.5,2.5,0.0,0.0,2.5,2.5,0.0,2.5,0.0,0.0,Low
Swedish,International History,PG Taught,2.5,2.5,2.5,0.0,0.0,0.0,0.0,0.0,0.0,0.0,0.0,0.0,2.5,0.0,0.0,Low
Swedish,International Relations,UG Degree,13.0,2.5,2.5,14.0,2.5,2.5,8.0,2.5,2.5,2.5,2.5,2.5,6.0,2.5,0.0,Low
Swedish,International Relations,PG Taught,14.0,5.0,2.5,7.0,5.0,2.5,13.0,2.5,2.5,2.5,2.5,2.5,7.0,2.5,2.5,Low
Swedish,Language Centre,UG Degree,2.5,0.0,0.0,2.5,2.5,0.0,0.0,0.0,0.0,0.0,0.0,0.0,2.5,2.5,0.0,
Swedish,Lse Law School,UG Degree,20.0,2.5,2.5,16.0,2.5,0.0,10.0,2.5,0.0,13.0,5.0,2.5,5.0,0.0,0.0,High
Swedish,Lse Law School,PG Taught,6.0,2.5,2.5,5.0,2.5,2.5,7.0,5.0,2.5,2.5,2.5,2.5,6.0,2.5,2.5,High
Swedish,Management,UG Degree,8.0,0.0,0.0,2.5,0.0,0.0,13.0,0.0,0.0,5.0,2.5,0.0,8.0,0.0,0.0,High
Swedish,Management,PG Taught,8.0,2.5,2.5,15.0,2.5,2.5,13.0,5.0,5.0,15.0,7.0,2.5,14.0,2.5,2.5,High
Swedish,Mathematics,UG Degree,9.0,2.5,0.0,6.0,0.0,0.0,2.5,2.5,0.0,7.0,2.5,0.0,5.0,0.0,0.0,High
Swedish,Mathematics,PG Taught,2.5,2.5,2.5,2.5,2.5,0.0,2.5,2.5,2.5,2.5,2.5,2.5,2.5,0.0,0.0,High
Swedish,Media And Communications,PG Taught,5.0,2.5,2.5,6.0,2.5,2.5,6.0,2.5,2.5,5.0,2.5,2.5,6.0,5.0,2.5,Low
Swedish,Methodology,PG Taught,0.0,0.0,0.0,2.5,2.5,0.0,2.5,2.5,2.5,0.0,0.0,0.0,0.0,0.0,0.0,High
Swedish,Philosophy Logic And Scientific Method,UG Degree,10.0,0.0,0.0,7.0,0.0,0.0,11.0,0.0,0.0,11.0,0.0,0.0,10.0,2.5,2.5,Low
Swedish,Philosophy Logic And Scientific Method,PG Taught,2.5,2.5,2.5,5.0,2.5,2.5,2.5,2.5,0.0,2.5,2.5,2.5,2.5,0.0,0.0,Low
Swedish,Psychological And Behavioural Science,UG Degree,2.5,2.5,0.0,5.0,2.5,2.5,2.5,2.5,0.0,6.0,2.5,0.0,2.5,2.5,0.0,Low
Swedish,Psychological And Behavioural Science,PG Taught,10.0,2.5,2.5,2.5,2.5,2.5,2.5,2.5,0.0,5.0,2.5,2.5,5.0,0.0,0.0,Low
Swedish,Public Policy,PG Taught,2.5,0.0,0.0,2.5,2.5,0.0,0.0,0.0,0.0,2.5,2.5,0.0,0.0,0.0,0.0,
Swedish,Social Policy,UG Degree,2.5,0.0,0.0,11.0,2.5,2.5,8.0,2.5,0.0,2.5,0.0,0.0,0.0,0.0,0.0,Low
Swedish,Social Policy,PG Taught,2.5,0.0,0.0,2.5,2.5,2.5,2.5,2.5,2.5,0.0,0.0,0.0,5.0,2.5,2.5,Low
Swedish,Sociology,UG Degree,2.5,2.5,0.0,5.0,2.5,0.0,2.5,0.0,0.0,0.0,0.0,0.0,0.0,0.0,0.0,Low
Swedish,Sociology,PG Taught,10.0,2.5,2.5,10.0,5.0,2.5,2.5,2.5,0.0,2.5,2.5,2.5,5.0,2.5,2.5,Low
Swedish,Statistics,UG Degree,2.5,0.0,0.0,2.5,0.0,0.0,2.5,2.5,2.5,2.5,2.5,2.5,5.0,0.0,0.0,High
Swedish,Statistics,PG Taught,2.5,2.5,0.0,0.0,0.0,0.0,2.5,0.0,0.0,2.5,0.0,0.0,2.5,0.0,0.0,High
